Year,ICPSR State Code,Alphanumeric State Code,State,VEP Total Ballots Counted,VEP Highest Office,VAP Highest Office,Total Ballots Counted,Highest Office,Voting-Eligible Population (VEP),Voting-Age Population (VAP),% Non-citizen,Prison,Probation,Parole,Total Ineligible Felon,Overseas Eligible
2014,0,0,United States,0.367,0.36,33.20%,"83,262,122","81,687,059",227157964,245712915,8.40%,"1,493,706","2,298,993","548,576","3,329,718","5,345,814"
2014,41,1,Alabama,0.332,0.329,31.50%,"1,191,274","1,180,413",3588783,3751844,2.50%,"31,691","53,640","8,097","69,826",
2014,81,2,Alaska,0.548,0.542,51.00%,"285,431","282,382",520562,553473,3.90%,"5,216","7,077","2,210","11,389",
2014,61,3,Arizona,0.341,0.334,29.50%,"1,537,671","1,506,416",4510186,5110890,10.10%,"37,516","73,232","7,502","86,028",
2014,42,4,Arkansas,0.403,0.401,37.50%,"852,642","848,592",2117881,2263040,4.00%,"17,756","28,192","21,743","55,287",
2014,71,5,California,0.307,0.299,24.70%,"7,513,972","7,317,581",24440416,29646675,16.80%,"136,088",0,"87,104","223,192",
2014,62,6,Colorado,0.547,0.537,49.40%,"2,080,071","2,041,020",3800664,4128890,7.20%,"19,121",0,"10,067","29,188",
2014,1,7,Connecticut,0.425,0.423,38.50%,"1,096,556","1,089,880",2577311,2828791,8.20%,"16,113",0,"2,564","18,677",
2014,11,8,Delaware,0.349,0.343,31.80%,"238,110","234,038",681526,735156,5.10%,"6,625","15,665",676,"16,073",
2014,55,9,District of Columbia,0.357,0.353,32.00%,"177,176","175,071",495899,547228,9.40%,0,0,0,0,
2014,43,10,Florida,0.433,0.428,37.60%,"6,026,802","5,951,561",13914216,15816663,10.60%,"95,671","227,087","4,519","227,359",
2014,44,11,Georgia,0.386,0.382,33.80%,"2,596,947","2,567,761",6725041,7601982,7.10%,"50,499","471,067","25,547","339,844",
2014,82,12,Hawaii,0.365,0.362,32.90%,"369,554","366,125",1012123,1113693,8.60%,"5,721",0,0,"5,721",
2014,63,13,Idaho,0.398,0.393,36.50%,"445,307","439,830",1119882,1205611,4.60%,"7,901","33,450","4,217","30,850",
2014,21,14,Illinois,0.408,0.402,36.60%,"3,680,417","3,627,690",9028752,9922399,8.50%,"46,465",0,0,"46,465",
2014,22,15,Indiana,0.287,0.278,26.70%,"1,387,622","1,341,814",4829510,5033872,3.50%,"28,638",0,0,"28,638",
2014,31,16,Iowa,0.503,0.498,47.30%,"1,142,284","1,129,700",2269179,2386733,3.60%,"8,686","29,929","5,769","31,215",
2014,32,17,Kansas,0.433,0.425,39.80%,"887,023","869,502",2048164,2184712,5.20%,"9,326","16,328","4,051","22,521",
2014,51,18,Kentucky,0.449,0.442,42.20%,"1,459,409","1,435,868",3247300,3406506,2.70%,"21,402","54,107","16,729","68,431",
2014,45,19,Louisiana,0.449,0.439,41.50%,"1,503,975","1,472,039",3349433,3545845,3.00%,"37,881","40,979","29,619","90,448",
2014,2,20,Maine,0.587,0.581,57.00%,"616,996","611,255",1051557,1071521,1.90%,0,0,0,0,
2014,52,21,Maryland,0.42,0.417,37.30%,"1,745,104","1,733,177",4154546,4645171,8.90%,"20,388","79,539","11,537","76,467",
2014,3,22,Massachusetts,0.447,0.441,40.20%,"2,186,789","2,158,326",4896296,5369534,8.60%,"10,014",0,0,"10,014",
2014,23,23,Michigan,0.432,0.427,41.00%,"3,188,956","3,156,531",7383958,7700110,3.50%,"42,900",0,0,"42,900",
2014,33,24,Minnesota,0.506,0.504,47.20%,"1,992,613","1,981,511",3935121,4194166,4.50%,"10,003","97,661","6,642","71,335",
2014,34,26,Missouri,0.336,0.317,30.50%,"1,509,025","1,426,303",4493722,4682458,2.40%,"31,432","47,303","18,495","76,417",
2014,64,27,Montana,0.475,0.469,46.10%,"373,831","369,826",787748,802644,1.40%,"3,681",0,0,"3,681",
2014,35,28,Nebraska,0.414,0.405,38.00%,"552,115","539,891",1334453,1419489,5.00%,"5,221","12,940","1,067","13,534",
2014,65,29,Nevada,0.296,0.293,25.20%,"552,546","547,349",1867644,2173640,12.90%,"12,537","12,027","5,927","25,199",
2014,4,30,New Hampshire,0.483,0.476,46.00%,"495,565","488,159",1025862,1061054,3.00%,"2,867",0,0,"2,867",
2014,12,31,New Jersey,0.325,0.311,27.00%,"1,955,042","1,869,535",6014127,6936661,11.90%,"20,255","115,898","14,889","100,047",
2014,13,33,New York,0.29,0.282,24.60%,"3,930,310","3,819,010",13553426,15544111,12.20%,"48,376",0,"44,889","93,265",
2014,47,34,North Carolina,0.412,0.408,37.90%,"2,939,767","2,915,281",7143737,7693406,5.90%,"35,726","90,918","10,025","96,665",
2014,36,35,North Dakota,0.45,0.438,42.70%,"255,128","248,670",567221,582205,2.30%,"1,700",0,0,"1,700",
2014,24,36,Ohio,0.362,0.351,34.10%,"3,149,876","3,055,913",8701243,8969074,2.40%,"51,024",0,0,"51,024",
2014,53,37,Oklahoma,0.3,0.299,28.10%,"825,607","824,831",2755091,2940437,4.70%,"27,650","28,568","2,560","46,208",
2014,72,38,Oregon,0.534,0.509,47.20%,"1,541,782","1,469,717",2887517,3115883,6.80%,"15,075",0,0,"15,075",
2014,14,39,Pennsylvania,0.365,0.361,34.60%,"3,535,576","3,495,866",9689491,10100271,3.60%,"49,643",0,0,"49,643",
2014,5,40,Rhode Island,0.424,0.417,38.50%,"329,212","324,055",776286,842605,7.50%,"3,294",0,0,"3,294",
2014,48,41,South Carolina,0.352,0.348,33.10%,"1,261,611","1,246,301",3584461,3760480,3.50%,"20,917","35,096","5,225","45,796",
2014,37,42,South Dakota,0.447,0.443,43.10%,"282,291","279,412",630989,647810,1.60%,"3,528",0,"2,611","6,139",
2014,54,43,Tennessee,0.298,0.286,27.20%,"1,430,117","1,374,065",4799476,5060636,3.60%,"28,495","62,950","13,498","77,245",
2014,67,45,Utah,0.303,0.297,27.50%,"577,973","565,970",1905801,2054936,6.90%,"6,824",0,0,"6,824",
2014,6,46,Vermont,0.408,0.389,38.10%,"202,445","193,087",495884,507304,2.30%,0,0,0,0,
2014,40,47,Virginia,0.368,0.366,33.70%,"2,194,346","2,184,473",5962456,6489957,7.10%,"36,943","54,966","1,732","69,456",
2014,73,48,Washington,0.431,0.412,37.10%,"2,123,901","2,029,189",4928407,5467270,8.40%,"17,345","94,112","9,880","79,928",
2014,56,49,West Virginia,0.32,0.312,30.70%,"462,864","451,498",1447652,1472594,0.80%,"6,873","7,174","2,749","13,639",
2014,25,50,Wisconsin,0.569,0.566,53.90%,"2,422,248","2,410,314",4260427,4470265,3.20%,"22,097","46,212","20,010","67,986",
2014,68,51,Wyoming,0.397,0.39,37.30%,"171,153","168,390",431434,451484,3.10%,"2,330","5,196",715,"5,955",
2012,0,0,United States,0.586,0.58,53.60%,"130,292,355","129,070,906",222474111,240957993,8.40%,"1,473,412","2,342,582","637,410","3,352,390","5,127,418"
2012,81,2,Alaska,0.589,0.587,55.30%,"301,694","300,495",511792,543763,3.80%,"5,633","7,173","1,882","11,317",
2012,61,3,Arizona,0.53,0.526,46.50%,"2,323,579","2,306,559",4387900,4959270,9.90%,"35,188","72,452","7,460","81,048",
2012,42,4,Arkansas,0.511,0.507,47.70%,"1,078,548","1,069,468",2109847,2242740,3.50%,"14,471","30,122","23,372","53,808",
2012,71,5,California,0.557,0.551,45.10%,"13,202,158","13,038,547",23681837,28913129,17.40%,"119,455",0,"89,287","208,742",
2012,62,6,Colorado,0.706,0.699,64.50%,"2,596,173","2,569,522",3675871,3981208,6.90%,"18,807",0,"11,458","30,265",
2012,1,7,Connecticut,0.614,0.613,55.60%,"1,560,640","1,558,960",2543202,2801375,8.50%,"16,935",0,"2,793","19,728",
2012,55,9,District of Columbia,0.616,0.615,55.50%,"294,254","293,764",477582,528848,9.70%,0,0,0,0,
2012,43,10,Florida,0.633,0.628,55.10%,"8,538,264","8,474,179",13495057,15380947,10.80%,"91,954","240,869","4,538","224,153",
2012,44,11,Georgia,0.593,0.59,52.30%,"3,919,355","3,900,050",6606607,7452696,7.20%,"52,737","442,061","24,761","311,790",
2012,82,12,Hawaii,0.445,0.442,39.90%,"437,159","434,697",982902,1088335,9.20%,"5,544",0,0,"5,544",
2012,63,13,Idaho,0.61,0.598,55.60%,"666,290","652,274",1091410,1173727,4.60%,"7,985","31,606","3,848","28,584",
2012,21,14,Illinois,0.593,0.589,53.30%,"5,279,752","5,242,014",8899143,9827043,8.90%,"49,348",0,0,"49,348",
2012,22,15,Indiana,0.56,0.552,52.90%,"2,663,368","2,624,534",4755291,4960376,3.60%,"28,266",0,0,"28,266",
2012,31,16,Iowa,0.706,0.703,67.10%,"1,589,951","1,582,180",2251748,2356209,3.20%,"8,470","29,333","5,151","29,167",
2012,32,17,Kansas,0.582,0.569,53.50%,"1,182,771","1,156,254",2030686,2162442,5.00%,"9,346","17,021","5,126","23,493",
2012,51,18,Kentucky,0.562,0.557,53.40%,"1,815,843","1,797,212",3229185,3368684,2.20%,"21,863","54,511","14,419","65,173",
2012,45,19,Louisiana,0.608,0.602,57.00%,"2,014,548","1,994,065",3311626,3495847,2.70%,"40,047","41,298","28,946","90,881",
2012,2,20,Maine,0.693,0.682,67.00%,"724,758","713,180",1046008,1064779,1.80%,0,0,0,0,
2012,52,21,Maryland,0.673,0.666,59.50%,"2,734,062","2,707,327",4063582,4553853,8.90%,"20,871","96,640","13,195","85,285",
2012,3,22,Massachusetts,0.662,0.659,60.20%,"3,184,196","3,167,767",4809675,5263550,8.40%,"10,283",0,0,"10,283",
2012,23,23,Michigan,0.654,0.647,62.00%,"4,780,701","4,730,961",7312725,7625576,3.50%,"43,019",0,0,"43,019",
2012,33,24,Minnesota,0.764,0.76,71.40%,"2,950,780","2,936,561",3861598,4114820,4.40%,"9,383","108,157","6,006","72,712",
2012,64,27,Montana,0.635,0.625,61.60%,"491,966","484,048",774476,785454,0.90%,"3,592",0,0,"3,592",
2012,35,28,Nebraska,0.611,0.603,56.90%,"804,245","794,379",1316915,1396507,4.70%,"4,466","14,260","1,383","13,407",
2012,65,29,Nevada,0.565,0.564,48.20%,"1,016,664","1,014,918",1800969,2105976,13.30%,"12,883","11,321","5,379","24,262",
2012,4,30,New Hampshire,0.709,0.702,67.80%,"718,700","710,972",1013420,1047978,3.00%,"2,672",0,0,"2,672",
2012,12,31,New Jersey,0.622,0.615,53.20%,"3,683,638","3,640,292",5918182,6847503,12.10%,"21,759","114,886","14,987","97,636",
2012,66,32,New Mexico,0.548,0.546,49.80%,"786,522","783,757",1436363,1573400,7.30%,"6,553","21,381","5,078","22,963",
2012,13,33,New York,0.535,0.531,46.10%,"7,128,852","7,074,723",13324107,15344671,12.50%,"49,889",0,"46,222","96,111",
2012,47,34,North Carolina,0.654,0.648,60.10%,"4,542,488","4,505,372",6947954,7496980,6.10%,"35,567","96,070","4,359","90,843",
2012,36,35,North Dakota,0.604,0.598,58.70%,"325,564","322,627",539164,549955,1.70%,"1,500",0,0,"1,500",
2012,24,36,Ohio,0.651,0.645,62.70%,"5,632,423","5,580,822",8649495,8896930,2.20%,"50,313",0,0,"50,313",
2012,72,38,Oregon,0.642,0.631,58.70%,"1,820,507","1,789,270",2836101,3050747,6.60%,"13,607",0,0,"13,607",
2012,48,41,South Carolina,0.568,0.563,53.60%,"1,981,516","1,964,118",3486838,3662322,3.50%,"21,895","34,945","6,116","46,532",
2012,37,42,South Dakota,0.601,0.593,57.60%,"368,270","363,815",613190,631472,1.90%,"3,574",0,"2,761","6,335",
2012,54,43,Tennessee,0.523,0.519,49.40%,"2,478,870","2,458,577",4736084,4976284,3.30%,"28,135","64,430","13,138","75,421",
2012,67,45,Utah,0.561,0.555,51.40%,"1,028,786","1,017,440",1833339,1978956,7.00%,"6,611",0,0,"6,611",
2012,6,46,Vermont,0.612,0.607,59.60%,"301,793","299,290",493355,502242,1.80%,0,0,0,0,
2012,40,47,Virginia,0.666,0.661,60.70%,"3,888,186","3,854,489",5834676,6348827,7.10%,"36,425","52,956","1,983","66,475",
2012,73,48,Washington,0.658,0.648,58.60%,"3,172,939","3,125,516",4822060,5329782,8.20%,"16,355","88,339","8,895","72,070",
2012,68,51,Wyoming,0.59,0.586,56.40%,"250,701","249,061",425142,441726,2.50%,"2,163","5,162",762,"5,661",
2010,0,0,United States,0.418,0.41,37.80%,"90,912,015","89,099,476",217551109,236022989,8.50%,"1,512,225","1,321,051","629,644","3,244,035","4,972,217"
2010,41,1,Alabama,0.433,0.43,40.80%,"1,503,232","1,494,273",3472582,3661784,2.80%,"31,587","50,622","9,006","86,889",
2010,81,2,Alaska,0.529,0.519,48.50%,"261,128","256,192",493764,528744,4.00%,"5,576","6,959","2,089","13,601",
2010,61,3,Arizona,0.416,0.41,35.90%,"1,750,840","1,727,791",4209544,4807398,10.30%,"35,368","52,316","7,993","96,443",
2010,42,4,Arkansas,0.379,0.375,35.30%,"789,773","781,333",2081156,2216171,3.70%,"16,047","26,995","21,106","53,752",
2010,71,5,California,0.459,0.44,35.80%,"10,529,134","10,095,485",22946053,28167234,17.70%,"146,412",0,"105,133","217,629",
2010,62,6,Colorado,0.517,0.506,46.50%,"1,828,323","1,787,730",3533054,3843619,7.30%,"21,559",0,"11,014","28,322",
2010,1,7,Connecticut,0.459,0.459,41.70%,"1,153,872","1,153,115",2512981,2765843,8.40%,"18,553",0,"2,894","20,768",
2010,11,8,Delaware,0.49,0.475,44.10%,"316,754","307,402",646969,696940,5.50%,"6,307","4,448",560,"11,326",
2010,55,9,District of Columbia,0.296,0.289,26.20%,"135,846","132,656",458619,506765,9.50%,0,0,0,0,
2010,43,10,Florida,0.422,0.417,36.30%,"5,473,787","5,411,106",12961184,14916066,11.20%,"97,944","165,760","4,093","272,113",
2010,44,11,Georgia,0.406,0.398,35.50%,"2,623,035","2,576,161",6464845,7255919,7.40%,"54,710","185,286","25,091","254,264",
2010,82,12,Hawaii,0.403,0.399,36.00%,"386,302","382,563",959531,1062593,9.10%,"5,813",0,0,"5,912",
2010,63,13,Idaho,0.429,0.423,39.40%,"459,079","452,535",1069446,1147210,4.70%,"7,268","13,721","3,957","23,131",
2010,21,14,Illinois,0.431,0.424,38.30%,"3,792,770","3,729,989",8798829,9735944,9.10%,"46,314",0,0,"48,418",
2010,22,15,Indiana,0.381,0.371,35.60%,"1,791,832","1,744,481",4697111,4896656,3.50%,"27,481",0,0,"28,028",
2010,31,16,Iowa,0.507,0.499,47.90%,"1,133,429","1,116,063",2234516,2328262,3.20%,"9,276","8,862","3,197","19,916",
2010,32,17,Kansas,0.426,0.417,39.20%,"857,658","838,790",2011497,2137815,5.20%,"8,741","3,704","5,063","15,287",
2010,51,18,Kentucky,0.443,0.424,40.70%,"1,417,995","1,356,468",3198093,3332204,2.40%,"20,385","25,688","14,628","53,546",
2010,45,19,Louisiana,0.4,0.389,36.80%,"1,298,649","1,264,994",3249524,3438247,2.70%,"39,335","42,599","26,202","95,145",
2010,2,20,Maine,0.559,0.552,54.30%,"580,584","572,766",1038201,1055605,1.60%,0,0,0,0,
2010,52,21,Maryland,0.467,0.464,41.80%,"1,868,179","1,857,880",4001034,4449617,8.80%,"21,992","26,164","13,195","55,407",
2010,3,22,Massachusetts,0.494,0.489,44.60%,"2,319,963","2,297,039",4693670,5152976,8.70%,"10,429",0,0,"11,312",
2010,23,23,Michigan,0.451,0.445,42.70%,"3,268,217","3,226,088",7245281,7555742,3.50%,"43,499",0,0,"44,113",
2010,33,24,Minnesota,0.558,0.554,52.10%,"2,123,369","2,107,021",3802677,4041199,4.50%,"9,281","42,661","5,807","55,361",
2010,34,26,Missouri,0.457,0.445,42.40%,"1,997,271","1,943,899",4366435,4581260,2.60%,"30,178","54,916","19,421","95,250",
2010,64,27,Montana,0.484,0.475,46.80%,"367,096","360,341",758653,770601,1.10%,"3,706",0,0,"3,716",
2010,35,28,Nebraska,0.387,0.375,35.50%,"503,514","487,988",1301483,1375023,4.70%,"4,324","4,080",941,"9,138",
2010,65,29,Nevada,0.414,0.413,35.30%,"723,515","721,404",1747288,2046400,13.50%,"12,653","8,067","4,964","23,202",
2010,4,30,New Hampshire,0.461,0.457,44.20%,"461,423","456,588",999918,1033023,2.90%,"2,694",0,0,"2,761",
2010,12,31,New Jersey,0.377,0.364,31.40%,"2,200,974","2,121,584",5834037,6750869,12.20%,"25,007","57,517","15,563","90,306",
2010,66,32,New Mexico,0.447,0.428,38.80%,"630,013","602,827",1408872,1552212,7.70%,"6,541","14,855","3,146","23,087",
2010,13,33,New York,0.363,0.355,30.80%,"4,763,899","4,658,586",13135048,15111583,12.50%,"50,668",0,"48,542","80,927",
2010,47,34,North Carolina,0.398,0.392,36.40%,"2,700,706","2,660,079",6785463,7310093,6.10%,"38,341","36,740","3,621","78,667",
2010,36,35,North Dakota,0.466,0.462,45.30%,"241,039","238,812",516974,527497,1.70%,"1,480",0,0,"1,487",
2010,24,36,Ohio,0.462,0.449,43.60%,"3,956,028","3,852,453",8571952,8826908,2.30%,"51,116",0,0,"51,712",
2010,53,37,Oklahoma,0.391,0.388,36.40%,"1,043,507","1,034,767",2666767,2839030,4.40%,"25,893","20,601","2,627","48,167",
2010,72,38,Oregon,0.539,0.527,48.70%,"1,487,210","1,453,548",2760607,2984806,7.00%,"12,262",0,0,"14,014",
2010,14,39,Pennsylvania,0.424,0.417,40.10%,"4,055,336","3,987,551",9565822,9946290,3.30%,"50,116",0,0,"51,264",
2010,5,40,Rhode Island,0.454,0.448,41.20%,"346,357","342,290",763534,829913,7.60%,"3,357",0,0,"3,357",
2010,48,41,South Carolina,0.403,0.397,37.60%,"1,365,480","1,344,198",3388417,3571250,3.80%,"23,074","21,144","6,412","47,928",
2010,37,42,South Dakota,0.539,0.529,51.50%,"323,410","317,083",599507,616113,1.90%,"3,373",0,"2,843","4,856",
2010,54,43,Tennessee,0.351,0.346,32.80%,"1,620,619","1,601,549",4622919,4878724,3.50%,"27,213","52,178","12,157","85,708",
2010,49,44,Texas,0.327,0.321,26.90%,"5,066,957","4,979,870",15514007,18487369,13.50%,"164,507","247,136","104,763","473,167",
2010,67,45,Utah,0.368,0.363,33.60%,"653,274","643,307",1772934,1914974,7.00%,"6,536",0,0,"6,807",
2010,6,46,Vermont,0.498,0.494,48.50%,"243,617","241,605",488942,498254,1.90%,0,0,0,0,
2010,40,47,Virginia,0.391,0.387,35.40%,"2,214,505","2,189,841",5660589,6194717,7.10%,"36,020","56,654","2,624","95,376",
2010,73,48,Washington,0.543,0.532,48.40%,"2,565,589","2,511,094",4724350,5190736,8.30%,"17,331","15,452","6,956","37,165",
2010,56,49,West Virginia,0.372,0.368,36.10%,"536,493","529,948",1442003,1468812,0.90%,"6,673","6,650","1,796","14,229",
2010,25,50,Wisconsin,0.524,0.52,49.70%,"2,185,021","2,171,331",4172130,4365214,3.20%,"22,724","22,602","19,572","55,112",
2010,68,51,Wyoming,0.46,0.455,43.80%,"190,822","188,463",414536,430673,2.40%,"2,059","3,231",682,"5,684",
2008,0,0,United States,0.622,0.616,56.90%,"132,609,063","131,304,731",213313508,230872030,8.40%,"1,605,448","2,451,085","627,680","3,144,831","4,972,217"
2008,41,1,Alabama,0.61,0.608,58.40%,"2,105,622","2,099,819",3454510,3595708,2.20%,"30,508","53,252","8,042","61,155","74,079"
2008,81,2,Alaska,0.683,0.68,64.30%,"327,341","326,197",479429,507645,3.70%,"5,014","6,708","1,732","9,234","60,686"
2008,61,3,Arizona,0.574,0.567,49.10%,"2,320,851","2,293,475",4046075,4673718,11.60%,"39,589","82,232","7,534","84,472","90,036"
2008,42,4,Arkansas,0.529,0.525,50.00%,"1,095,958","1,086,617",2071563,2174846,2.90%,"14,716","31,169","19,908","40,255","43,963"
2008,71,5,California,0.617,0.609,49.50%,"13,743,177","13,561,900",22261504,27411094,17.90%,"173,670",0,"120,753","234,047","486,207"
2008,62,6,Colorado,0.716,0.71,64.70%,"2,422,236","2,401,361",3382959,3708955,8.00%,"23,274",0,"11,654","29,101","71,854"
2008,11,8,Delaware,0.658,0.656,60.60%,"413,562","412,398",628200,680493,5.30%,"7,075","17,216",551,"15,959","12,658"
2008,55,9,District of Columbia,0.617,0.615,55.20%,"266,871","265,853",432566,481971,10.30%,0,0,0,0,"6,916"
2008,43,10,Florida,0.666,0.661,57.60%,"8,453,743","8,390,744",12687407,14558436,11.20%,"102,388","279,760","4,528","244,532","451,907"
2008,44,11,Georgia,0.627,0.625,55.60%,"3,940,705","3,924,440",6281872,7063638,7.30%,"52,719","397,081","23,448","262,984","141,001"
2008,82,12,Hawaii,0.49,0.488,43.80%,"456,064","453,568",930067,1036088,9.70%,"5,955",0,0,"5,955","20,090"
2008,63,13,Idaho,0.648,0.636,58.60%,"667,506","655,032",1029416,1117842,4.90%,"7,290","49,513","3,361","33,727","26,779"
2008,21,14,Illinois,0.643,0.636,57.40%,"5,578,195","5,523,051",8681138,9615700,9.20%,"45,474",0,0,"45,474","200,530"
2008,22,15,Indiana,0.603,0.591,57.00%,"2,805,986","2,751,054",4653019,4826231,3.00%,"28,322",0,0,"28,322","89,605"
2008,31,16,Iowa,0.697,0.694,66.90%,"1,543,662","1,537,123",2216094,2298515,2.60%,"8,766","22,958","3,159","21,825","43,108"
2008,32,17,Kansas,0.635,0.62,58.80%,"1,264,208","1,235,872",1991759,2100084,4.20%,"8,539","16,263","4,958","19,150","42,495"
2008,51,18,Kentucky,0.59,0.579,55.70%,"1,858,578","1,826,508",3152629,3277617,2.20%,"21,706","51,035","12,277","53,362","58,518"
2008,45,19,Louisiana,0.618,0.612,58.70%,"1,979,852","1,960,761",3205794,3342279,2.00%,"38,381","40,025","24,636","70,712","68,285"
2008,2,20,Maine,0.718,0.706,69.60%,"744,456","731,163",1036242,1049816,1.30%,0,0,0,0,"21,362"
2008,52,21,Maryland,0.678,0.67,60.60%,"2,661,905","2,631,596",3925117,4342850,7.80%,"23,324","96,360","13,220","78,114","77,074"
2008,3,22,Massachusetts,0.673,0.668,60.90%,"3,102,995","3,080,985",4612550,5058035,8.60%,"11,408",0,0,"11,408","77,830"
2008,23,23,Michigan,0.697,0.692,66.40%,"5,039,080","5,001,766",7229512,7528460,3.30%,"48,738",0,0,"48,738","163,673"
2008,33,24,Minnesota,0.781,0.778,73.20%,"2,921,147","2,910,369",3740142,3975974,4.00%,"9,910","127,627","5,081","76,264","70,063"
2008,34,26,Missouri,0.682,0.676,64.90%,"2,950,504","2,925,205",4327572,4507688,2.50%,"30,186","57,360","20,683","69,208","96,710"
2008,64,27,Montana,0.671,0.663,65.10%,"497,599","491,960",741853,755384,1.30%,"3,545",0,0,"3,545","22,898"
2008,35,28,Nebraska,0.637,0.629,59.40%,"811,923","801,281",1274719,1348048,4.30%,"4,520","19,606",846,"14,746","27,311"
2008,65,29,Nevada,0.572,0.57,48.40%,"970,019","967,848",1696831,2000277,14.10%,"12,743","13,337","3,908","21,366","45,656"
2008,4,30,New Hampshire,0.725,0.717,69.60%,"719,643","710,970",992226,1021787,2.60%,"2,702",0,0,"2,702","25,558"
2008,12,31,New Jersey,0.677,0.67,58.20%,"3,910,220","3,868,237",5776527,6651284,11.70%,"25,953","128,737","15,849","98,246","110,559"
2008,66,32,New Mexico,0.612,0.609,55.10%,"833,365","830,158",1362629,1505830,8.30%,"6,402","20,883","3,724","18,706","31,444"
2008,13,33,New York,0.596,0.59,51.40%,"7,721,718","7,640,640",12948969,14876971,12.40%,"60,347",0,"52,225","86,460","263,787"
2008,47,34,North Carolina,0.661,0.655,60.70%,"4,354,571","4,310,789",6584302,7096503,5.90%,"39,482","109,678","3,409","96,026","133,483"
2008,36,35,North Dakota,0.636,0.627,61.70%,"321,133","316,621",504762,512768,1.30%,"1,452",0,0,"1,452","11,179"
2008,24,36,Ohio,0.678,0.669,65.10%,"5,773,777","5,698,260",8513079,8757453,2.20%,"51,686",0,0,"51,686","174,703"
2008,53,37,Oklahoma,0.563,0.558,52.80%,"1,474,694","1,462,661",2619121,2770219,4.00%,"25,864","27,940","3,073","41,371","57,046"
2008,72,38,Oregon,0.683,0.677,62.70%,"1,845,251","1,827,864",2700327,2916246,6.90%,"14,167",0,0,"14,167","63,480"
2008,14,39,Pennsylvania,0.642,0.636,61.30%,"6,071,357","6,012,692",9457942,9813664,3.10%,"49,215",0,0,"49,215","203,791"
2008,5,40,Rhode Island,0.623,0.618,57.10%,"475,428","471,766",763608,825786,7.00%,"4,045",0,0,"4,045","13,827"
2008,48,41,South Carolina,0.582,0.58,55.30%,"1,927,153","1,920,969",3311044,3473488,3.40%,"24,326","41,254","1,947","45,927","72,241"
2008,37,42,South Dakota,0.656,0.647,63.40%,"387,449","381,975",590720,602539,1.20%,"3,342",0,"2,720","4,702","20,144"
2008,54,43,Tennessee,0.574,0.57,54.50%,"2,618,238","2,599,749",4563192,4771926,3.10%,"27,228","58,109","10,578","61,572","127,930"
2008,67,45,Utah,0.571,0.56,51.80%,"971,185","952,370",1700286,1840087,7.20%,"6,552",0,0,"6,552","31,783"
2008,6,46,Vermont,0.677,0.673,66.00%,"326,822","325,046",482677,492610,2.00%,0,0,0,0,"10,546"
2008,40,47,Virginia,0.676,0.67,61.80%,"3,753,059","3,723,260",5555415,6022123,6.60%,"38,276","53,614","4,471","67,319","124,689"
2008,73,48,Washington,0.673,0.666,60.30%,"3,071,587","3,036,878",4561163,5032960,7.80%,"17,926","113,134","11,768","80,377","138,296"
2008,56,49,West Virginia,0.512,0.499,49.10%,"731,691","713,362",1430439,1453045,0.80%,"6,059","8,283","2,005","11,203","33,788"
2008,25,50,Wisconsin,0.727,0.724,69.30%,"2,997,086","2,983,417",4120694,4306876,3.00%,"23,379","50,418","18,105","57,641","78,721"
2008,68,51,Wyoming,0.631,0.628,60.90%,"256,035","254,658",405732,418040,1.70%,"2,084","5,438",727,"5,167","13,832"
2006,0,0,United States,0.413,0.404,37.20%,"85,769,132","83,815,592",207643594,225485399,8.60%,"1,566,526","2,418,574","587,305","3,363,118","4,417,527"
2006,81,2,Alaska,0.512,0.51,47.80%,"238,307","237,322",465169,492452,4.50%,"5,069","6,095",973,"9,090",
2006,61,3,Arizona,0.396,0.389,33.30%,"1,553,032","1,526,782",3923786,4490327,12.60%,"35,892","73,265","6,213","78,738",
2006,42,4,Arkansas,0.389,0.387,36.40%,"780,409","774,680",2004193,2130080,3.30%,"13,729","31,508","16,666","46,149",
2006,71,5,California,0.412,0.402,32.20%,"8,899,059","8,679,416",21582217,26739781,18.90%,"175,512",0,"111,744","287,256",
2006,62,6,Colorado,0.481,0.473,43.10%,"1,586,105","1,558,405",3297308,3569901,8.00%,"22,481",0,"8,196","30,677",
2006,1,7,Connecticut,0.477,0.466,42.50%,"1,162,391","1,134,780",2437559,2683538,7.90%,"20,566",0,"2,571","23,137",
2006,11,8,Delaware,0.429,0.423,39.00%,"258,053","254,099",601341,659410,5.30%,"7,206","16,958",600,"16,285",
2006,55,9,District of Columbia,0.287,0.283,25.50%,"122,356","120,620",426612,466827,9.70%,0,0,0,0,
2006,43,10,Florida,0.401,0.396,34.30%,"4,884,544","4,829,270",12187858,14211669,11.80%,"92,969","272,977","4,785","234,243",
2006,44,11,Georgia,0.351,0.347,30.70%,"2,143,845","2,122,258",6115331,6799654,7.40%,"52,792","422,790","22,851","287,038",
2006,82,12,Hawaii,0.384,0.379,34.60%,"348,988","344,315",908925,1012975,8.10%,"5,967",0,0,"5,967",
2006,63,13,Idaho,0.462,0.454,42.00%,"458,927","450,832",993010,1072895,4.40%,"7,124","48,609","2,482","33,911",
2006,21,14,Illinois,0.414,0.402,36.30%,"3,586,292","3,486,671",8667453,9483856,9.20%,"45,106",0,0,"45,106",
2006,22,15,Indiana,0.377,0.366,35.20%,"1,719,351","1,666,922",4559294,4743856,3.10%,"26,091",0,0,"26,091",
2006,31,16,Iowa,0.492,0.481,46.30%,"1,071,509","1,048,033",2178322,2267991,2.80%,"8,875","22,622","3,560","23,746",
2006,32,17,Kansas,0.443,0.436,41.10%,"864,083","849,700",1948850,2062668,4.70%,"8,816","15,518","4,666","21,241",
2006,51,18,Kentucky,0.442,0.404,39.00%,"1,370,062","1,253,526",3100828,3218000,1.90%,"20,000","41,162","10,162","50,743",
2006,45,19,Louisiana,0.314,0.297,28.30%,"954,896","902,498",3043573,3239317,2.00%,"37,012","38,057","24,072","80,113",
2006,52,21,Maryland,0.472,0.467,42.20%,"1,809,237","1,788,316",3833349,4261205,7.90%,"22,945","75,698","14,271","75,065",
2006,3,22,Massachusetts,0.493,0.488,44.40%,"2,243,835","2,219,779",4552794,4970780,8.70%,"11,032",0,0,"11,032",
2006,23,23,Michigan,0.528,0.521,49.90%,"3,852,008","3,801,256",7292624,7532918,3.60%,"51,577",0,0,"51,577",
2006,33,24,Minnesota,0.605,0.601,56.40%,"2,217,552","2,202,987",3667707,3896561,4.20%,"9,108","127,289","4,007","76,760",
2006,34,26,Missouri,0.512,0.5,48.10%,"2,178,278","2,128,459",4253541,4427266,2.20%,"30,167","54,963","18,374","76,023",
2006,64,27,Montana,0.571,0.564,55.60%,"411,061","406,505",720447,734669,1.00%,"3,572",0,0,"3,572",
2006,35,28,Nebraska,0.488,0.476,45.10%,"610,499","596,087",1251027,1325932,4.30%,"4,407","18,731",662,"14,435",
2006,65,29,Nevada,0.371,0.369,31.10%,"586,274","582,572",1579222,1907976,14.40%,"12,901","13,208","3,518","23,023",
2006,4,30,New Hampshire,0.429,0.414,39.90%,"418,550","403,531",975281,1006234,3.40%,"2,805",0,0,"2,805",
2006,12,31,New Jersey,0.406,0.395,34.10%,"2,315,643","2,250,070",5701033,6565183,12.00%,"27,371","132,636","13,874","107,563",
2006,66,32,New Mexico,0.431,0.425,38.60%,"568,597","561,084",1320285,1464560,8.00%,"6,639","16,493","2,831","17,717",
2006,13,33,New York,0.365,0.349,30.30%,"4,703,830","4,490,053",12878632,14665626,12.40%,"63,315",0,"53,533","116,848",
2006,47,34,North Carolina,0.325,0.31,28.70%,"2,036,451","1,940,808",6264630,6799585,5.80%,"37,460","110,419","3,101","95,771",
2006,36,35,North Dakota,0.454,0.449,44.10%,"220,479","218,152",486142,503647,1.50%,"1,363",0,0,"1,363",
2006,24,36,Ohio,0.495,0.475,46.30%,"4,184,072","4,022,754",8461211,8687609,2.20%,"49,166",0,0,"49,166",
2006,72,38,Oregon,0.532,0.525,48.40%,"1,399,650","1,379,475",2628937,2829482,7.30%,"13,707",0,0,"13,707",
2006,5,40,Rhode Island,0.521,0.51,46.70%,"392,882","384,993",754219,824887,8.10%,"3,996",0,0,"3,996",
2006,48,41,South Carolina,0.354,0.346,33.10%,"1,117,311","1,091,952",3152046,3332190,3.20%,"23,616","38,353","3,072","45,865",
2006,37,42,South Dakota,0.588,0.578,56.40%,"341,105","335,508",580592,589178,1.40%,"3,359",0,"2,444","5,803",
2006,54,43,Tennessee,0.421,0.414,39.50%,"1,868,363","1,833,695",4433921,4641909,3.10%,"25,745","52,558","8,630","60,654",
2006,67,45,Utah,0.35,0.343,31.80%,"582,561","571,252",1664323,1752158,7.10%,"6,430",0,0,"6,430",
2006,6,46,Vermont,0.55,0.549,53.80%,"263,025","262,726",478247,487141,2.00%,0,0,0,0,
2006,40,47,Virginia,0.445,0.44,40.60%,"2,398,589","2,370,445",5385522,5867219,6.70%,"36,688","48,144","4,499","65,259",
2006,73,48,Washington,0.473,0.473,42.70%,"2,085,074","2,083,734",4403981,4861001,8.00%,"17,561","108,076","11,568","83,167",
2006,56,49,West Virginia,0.338,0.328,32.30%,"473,014","459,884",1401490,1439052,0.70%,"5,733","7,668","1,416","10,983",
2006,25,50,Wisconsin,0.537,0.532,50.80%,"2,183,155","2,161,700",4064432,4240696,2.90%,"23,431","55,806","15,907","67,241",
2006,68,51,Wyoming,0.518,0.511,49.40%,"196,217","193,892",379127,400187,2.00%,"2,114","5,225",609,"5,336",
2004,0,0,United States,0.607,0.601,55.40%,"123,535,883","122,294,978",203483455,220336019,8.20%,"1,490,169","2,387,283","474,632","3,158,443","3,862,836"
2004,41,1,Alabama,0.574,0.572,55.20%,"1,890,317","1,883,415",3292608,3427542,1.90%,"26,521","36,795","7,745","52,664",
2004,81,2,Alaska,0.696,0.691,65.20%,"314,502","312,598",452124,476378,4.00%,"4,515","5,547",951,"8,240",
2004,61,3,Arizona,0.548,0.541,47.00%,"2,038,069","2,012,585",3717055,4215706,11.50%,"31,631","69,343","5,671","71,974",
2004,42,4,Arkansas,0.544,0.536,51.00%,"1,070,573","1,054,945",1969208,2072986,2.80%,"13,477","29,128","14,844","42,885",
2004,71,5,California,0.596,0.588,47.10%,"12,589,367","12,421,852",21132533,26246548,18.80%,"166,053",0,"110,261","276,314",
2004,62,6,Colorado,0.673,0.667,61.20%,"2,148,036","2,129,630",3192647,3443164,7.50%,"19,756",0,"7,383","27,139",
2004,1,7,Connecticut,0.662,0.65,59.70%,"1,607,808","1,578,769",2429634,2652587,7.30%,"20,018",0,"2,552","22,570",
2004,11,8,Delaware,0.645,0.642,59.40%,"377,407","375,190",584817,635370,4.70%,"6,973","18,725",539,"16,875",
2004,55,9,District of Columbia,0.549,0.543,48.90%,"230,105","227,586",419142,458758,10.00%,0,0,0,0,
2004,43,10,Florida,0.647,0.644,56.10%,"7,640,319","7,609,810",11811921,13643828,11.20%,"84,733","281,170","4,888","230,206",
2004,44,11,Georgia,0.564,0.562,50.00%,"3,317,336","3,301,875",5878186,6499325,6.80%,"48,625","419,350","23,344","281,644",
2004,82,12,Hawaii,0.485,0.482,44.10%,"431,662","429,013",889540,982882,7.90%,"5,946",0,0,"5,946",
2004,63,13,Idaho,0.648,0.632,58.70%,"612,786","598,376",946160,1016255,4.10%,"6,312","44,580","2,370","30,972",
2004,21,14,Illinois,0.624,0.615,55.70%,"5,350,493","5,274,322",8576696,9391420,9.00%,"44,379",0,0,"44,379",
2004,22,15,Indiana,0.558,0.548,53.00%,"2,512,142","2,468,002",4504260,4660157,2.70%,"23,760",0,0,"23,760",
2004,31,16,Iowa,0.706,0.699,67.40%,"1,521,966","1,506,908",2156389,2239979,2.60%,"8,611","22,832","3,317","23,344",
2004,32,17,Kansas,0.629,0.616,58.30%,"1,213,108","1,187,756",1928764,2032763,4.30%,"9,152","14,309","4,525","20,832",
2004,51,18,Kentucky,0.594,0.587,56.90%,"1,816,867","1,795,860",3057741,3157464,1.70%,"17,763","33,286","8,006","42,412",
2004,45,19,Louisiana,0.615,0.611,58.50%,"1,956,590","1,943,106",3182762,3379937,1.80%,"36,745","38,470","24,387","80,367",
2004,2,20,Maine,0.749,0.738,72.60%,"751,519","740,752",1003792,1022043,1.60%,0,0,0,0,
2004,52,21,Maryland,0.631,0.629,57.20%,"2,395,791","2,386,705",3797264,4179376,7.20%,"23,727","76,676","14,351","76,416",
2004,3,22,Massachusetts,0.646,0.642,58.70%,"2,927,455","2,912,388",4533859,4935787,8.40%,"10,365",0,0,"10,365",
2004,23,23,Michigan,0.671,0.666,63.90%,"4,875,692","4,839,252",7263024,7508568,3.40%,"48,591",0,0,"48,591",
2004,33,24,Minnesota,0.788,0.784,73.90%,"2,842,912","2,828,387",3609185,3819020,3.90%,"8,613","114,226","3,872","69,598",
2004,34,26,Missouri,0.661,0.653,62.90%,"2,764,635","2,731,364",4180960,4339414,1.90%,"30,775","53,832","17,400","75,091",
2004,64,27,Montana,0.652,0.644,63.40%,"456,096","450,445",699114,711858,1.00%,"3,800",0,0,"3,800",
2004,35,28,Nebraska,0.641,0.629,59.80%,"792,906","778,186",1236522,1305430,4.00%,"4,042","17,994",805,"13,844",
2004,65,29,Nevada,0.554,0.553,47.30%,"831,563","829,587",1501437,1776962,13.20%,"10,971","12,521","3,610","20,842",
2004,4,30,New Hampshire,0.715,0.709,68.40%,"683,672","677,738",956422,984422,3.20%,"2,441",0,0,"2,441",
2004,12,31,New Jersey,0.642,0.638,55.20%,"3,638,153","3,611,691",5663201,6513394,11.70%,"28,107","143,315","14,180","113,945",
2004,66,32,New Mexico,0.604,0.59,53.90%,"775,301","756,304",1282767,1411419,7.40%,"6,341","17,725","2,676","17,880",
2004,13,33,New York,0.585,0.58,50.20%,"7,448,266","7,391,249",12738056,14598898,12.60%,"64,596",0,"54,524","119,120",
2004,47,34,North Carolina,0.587,0.578,53.90%,"3,552,449","3,501,007",6055771,6505150,5.30%,"34,917","111,537","2,882","93,568",
2004,36,35,North Dakota,0.655,0.648,63.80%,"316,049","312,833",482722,496479,1.30%,"1,266",0,0,"1,266",
2004,24,36,Ohio,0.679,0.668,65.10%,"5,722,443","5,627,908",8427696,8624277,2.00%,"44,770",0,0,"44,770",
2004,72,38,Oregon,0.726,0.72,66.80%,"1,851,671","1,836,782",2550887,2736472,6.80%,"13,219",0,0,"13,219",
2004,5,40,Rhode Island,0.589,0.585,52.90%,"440,228","437,134",747046,827513,7.60%,"3,701","26,085",368,"17,112",
2004,48,41,South Carolina,0.532,0.53,50.70%,"1,626,720","1,617,730",3055098,3198733,2.70%,"24,173","38,856","2,217","45,818",
2004,37,42,South Dakota,0.694,0.682,66.90%,"394,930","388,215",569161,576472,1.40%,"3,101",0,0,"3,101",
2004,54,43,Tennessee,0.568,0.563,54.10%,"2,456,610","2,437,319",4328446,4496929,2.60%,"25,834","47,392","8,410","57,940",
2004,67,45,Utah,0.598,0.589,54.70%,"942,010","927,844",1574463,1664066,6.80%,"5,802",0,0,"5,802",
2004,6,46,Vermont,0.667,0.663,65.00%,"314,220","312,309",470754,480053,2.10%,0,0,0,0,
2004,40,47,Virginia,0.611,0.606,56.20%,"3,223,156","3,198,367",5277156,5699175,6.20%,"35,472","43,470","4,392","61,599",
2004,73,48,Washington,0.675,0.669,60.80%,"2,883,499","2,859,084",4272914,4683829,7.40%,"16,559","125,222",120,"79,290",
2004,56,49,West Virginia,0.551,0.541,53.40%,"769,645","755,887",1396545,1425689,0.60%,"4,980","6,977","1,216","9,685",
2004,25,50,Wisconsin,0.753,0.748,71.60%,"3,016,288","2,997,007",4006948,4172068,2.70%,"22,905","54,970","13,883","64,273",
2004,68,51,Wyoming,0.663,0.657,63.70%,"245,789","243,428",370785,386796,1.70%,"1,923","4,418",563,"4,695",
2002,0,0,United States,0.405,0.395,36.30%,"80,295,249","78,381,943",198381939,215461549,8.00%,"1,456,927","2,451,708","485,282","3,168,063","3,308,145"
2002,81,2,Alaska,0.545,0.542,51.00%,"232,852","231,484",427337,457154,3.80%,"4,431","5,229",900,"7,946",
2002,61,3,Arizona,0.367,0.359,30.70%,"1,255,615","1,226,111",3419481,3998148,11.10%,"30,741","66,485","4,587","68,571",
2002,42,4,Arkansas,0.417,0.413,39.70%,"814,176","805,696",1951568,2031787,2.60%,"12,378","27,377","12,128","38,195",
2002,71,5,California,0.373,0.361,29.00%,"7,738,821","7,476,351",20733192,25622609,18.80%,"163,361",0,"113,185","276,546",
2002,62,6,Colorado,0.466,0.463,42.00%,"1,424,029","1,416,093",3056465,3362098,7.20%,"19,085",0,"6,215","25,300",
2002,1,7,Connecticut,0.451,0.423,38.90%,"1,090,756","1,022,942",2418037,2617814,7.10%,"20,525",0,"2,186","22,711",
2002,43,10,Florida,0.459,0.456,39.50%,"5,143,674","5,100,581",11194391,13005435,10.90%,"80,352","291,315","5,223","231,233",
2002,82,12,Hawaii,0.442,0.438,40.20%,"385,462","382,110",872992,950520,8.00%,"5,635",0,0,"5,635",
2002,63,13,Idaho,0.452,0.447,42.00%,"416,533","411,477",921256,970916,4.00%,"5,825","31,361","1,961","23,467",
2002,21,14,Illinois,0.428,0.414,37.70%,"3,651,808","3,538,883",8540965,9302571,8.90%,"43,186",0,0,"43,186",
2002,22,15,Indiana,0.348,0.339,33.30%,"1,562,037","1,521,353",4494191,4587747,2.60%,"22,576",0,0,"22,576",
2002,31,16,Iowa,0.487,0.479,45.70%,"1,040,201","1,023,075",2136683,2214936,2.50%,"8,395","19,970","2,787","21,167",
2002,32,17,Kansas,0.449,0.44,41.40%,"851,966","835,692",1897261,2007407,4.10%,"9,009","15,217","3,990","20,608",
2002,45,19,Louisiana,0.401,0.394,37.80%,"1,267,225","1,246,333",3163663,3312330,1.70%,"36,091","36,257","23,049","77,269",
2002,52,21,Maryland,0.468,0.463,41.60%,"1,721,626","1,704,560",3678346,4082694,6.90%,"24,186","81,982","13,271","78,448",
2002,3,22,Massachusetts,0.498,0.492,44.40%,"2,220,301","2,194,189",4458820,4919958,8.20%,"10,511",0,0,"10,511",
2002,23,23,Michigan,0.45,0.445,42.30%,"3,219,864","3,177,565",7147888,7445335,3.40%,"49,524",0,0,"49,524",
2002,64,27,Montana,0.497,0.484,47.70%,"340,272","331,321",684572,690652,1.00%,"3,440",0,0,"3,440",
2002,65,29,Nevada,0.368,0.362,31.10%,"512,433","504,079",1391100,1640679,12.70%,"10,527","12,290","3,971","20,643",
2002,4,30,New Hampshire,0.487,0.481,46.00%,"453,078","447,135",930362,960401,3.00%,"2,483",0,0,"2,483",
2002,12,31,New Jersey,0.389,0.381,32.60%,"2,161,105","2,112,604",5549726,6448445,11.50%,"28,213","134,290","12,576","107,934",
2002,66,32,New Mexico,0.4,0.386,35.70%,"502,230","484,229",1255086,1360130,7.00%,"6,173","16,287","1,962","16,279",
2002,13,33,New York,0.37,0.361,31.40%,"4,690,968","4,579,078",12679865,14504792,12.60%,"65,914",0,"55,990","121,904",
2002,36,35,North Dakota,0.498,0.485,47.60%,"237,224","231,030",476251,486797,1.20%,"1,168",0,0,"1,168",
2002,24,36,Ohio,0.403,0.388,37.60%,"3,356,285","3,228,992",8322521,8556557,1.90%,"45,831",0,0,"45,831",
2002,72,38,Oregon,0.518,0.508,47.20%,"1,293,756","1,267,221",2495739,2674581,6.70%,"12,422",0,0,"12,422",
2002,5,40,Rhode Island,0.454,0.447,40.10%,"337,027","331,834",741776,819310,7.40%,"3,569","25,914",384,"16,910",
2002,37,42,South Dakota,0.612,0.607,59.70%,"340,407","337,497",556154,564305,1.30%,"3,059",0,0,"3,059",
2002,49,44,Texas,0.345,0.342,28.80%,"4,552,059","4,514,012",13181016,15718593,12.10%,"164,222","434,486","103,068","484,533",
2002,67,45,Utah,0.378,0.37,35.00%,"568,290","557,153",1504529,1601707,6.50%,"5,594",0,0,"5,594",
2002,6,46,Vermont,0.494,0.488,48.10%,"232,993","230,161",471403,472402,2.10%,0,0,0,0,
2002,40,47,Virginia,0.323,0.29,26.90%,"1,661,915","1,489,422",5138270,5536511,6.00%,"34,733","40,359","4,530","59,443",
2002,73,48,Washington,0.435,0.418,37.90%,"1,808,720","1,739,116",4162032,4553733,7.30%,"16,284","171,603",95,"102,181",
2002,56,49,West Virginia,0.315,0.312,30.80%,"440,156","436,183",1398124,1413580,0.60%,"4,703","6,430",999,"8,917",
2002,68,51,Wyoming,0.508,0.501,49.20%,"188,028","185,459",370488,376121,1.60%,"1,809","4,596",570,"4,677",
2000,0,0,United States,0.553,0.542,50.00%,"107,390,107","105,375,486",194331436,210623408,7.70%,"1,377,013","2,339,388","536,039","3,082,746","2,937,000"
2000,81,2,Alaska,0.687,0.681,65.00%,"287,825","285,560",419111,440296,3.40%,"4,173","4,779",525,"7,088",
2000,61,3,Arizona,0.464,0.456,40.20%,"1,559,520","1,532,016",3357701,3816498,10.30%,"26,510","59,810","3,474","59,889",
2000,71,5,California,0.566,0.557,44.10%,"11,142,843","10,965,849",19685258,24867252,18.80%,"163,001",0,"117,647","280,648",
2000,1,7,Connecticut,0.625,0.619,56.60%,"1,474,103","1,459,525",2357687,2575243,6.60%,"18,355","47,636","1,868","44,041",
2000,43,10,Florida,0.575,0.559,47.90%,"6,138,765","5,963,110",10667193,12475387,10.40%,"71,319","296,139","5,982","225,371",
2000,44,11,Georgia,0.476,0.458,42.40%,"2,684,951","2,583,208",5639668,6087332,5.90%,"44,232","321,407","21,556","226,492",
2000,82,12,Hawaii,0.446,0.442,39.90%,"371,113","367,951",832642,923737,8.10%,"5,053",0,0,"5,053",
2000,63,13,Idaho,0.589,0.572,53.50%,"516,647","501,615",877406,935443,3.80%,"5,535","35,103","1,409","24,496",
2000,21,14,Illinois,0.585,0.562,51.40%,"4,932,192","4,742,123",8432600,9208908,8.70%,"45,281",0,0,"45,281",
2000,22,15,Indiana,0.508,0.493,48.30%,"2,246,348","2,182,295",4424909,4527523,2.30%,"20,125",0,0,"20,125",
2000,32,17,Kansas,0.567,0.556,54.00%,"1,092,716","1,072,216",1927950,1983933,3.90%,"8,344",0,"3,829","12,173",
2000,51,18,Kentucky,0.531,0.522,50.40%,"1,568,058","1,544,107",2955628,3059582,1.50%,"14,919","19,620","4,614","29,343",
2000,45,19,Louisiana,0.567,0.564,54.20%,"1,776,133","1,765,656",3130267,3260060,1.60%,"35,207","35,854","22,860","75,994",
2000,52,21,Maryland,0.558,0.555,51.00%,"2,036,455","2,025,480",3649631,3972224,6.40%,"23,538","81,523","13,666","77,966",
2000,3,22,Massachusetts,0.606,0.599,55.40%,"2,736,006","2,704,984",4517052,4870470,8.00%,0,0,0,0,
2000,23,23,Michigan,0.605,0.599,57.30%,"4,279,299","4,232,501",7070702,7370524,3.30%,"47,718",0,0,"47,718",
2000,33,24,Minnesota,0.701,0.695,66.40%,"2,458,303","2,438,657",3506432,3662005,3.70%,"6,238","115,906","3,072","67,263",
2000,64,27,Montana,0.626,0.616,60.60%,"417,916","410,986",667525,676065,0.90%,"3,105",0,0,"3,105",
2000,35,28,Nebraska,0.578,0.569,55.00%,"707,223","696,983",1224178,1266496,3.40%,"3,895","21,483",476,"15,113",
2000,65,29,Nevada,0.456,0.452,40.20%,"613,360","608,970",1346116,1523209,11.80%,"10,063","12,189","4,056","20,214",
2000,4,30,New Hampshire,0.65,0.639,60.70%,"578,656","569,081",890622,934176,2.70%,"2,257",0,0,"2,257",
2000,12,31,New Jersey,0.588,0.569,50.10%,"3,293,378","3,187,226",5601788,6356954,11.00%,"29,784","130,610","11,709","106,798",
2000,66,32,New Mexico,0.499,0.485,45.40%,"615,607","598,605",1234088,1318129,6.40%,"5,342","10,461","1,670","12,243",
2000,13,33,New York,0.562,0.551,47.50%,"6,960,215","6,821,999",12380208,14344348,12.70%,"70,198",0,"57,858","128,056",
2000,47,34,North Carolina,0.525,0.507,47.50%,"3,015,964","2,911,262",5744241,6143214,4.60%,"31,532","105,949","3,352","87,859",
2000,36,35,North Dakota,0.611,0.603,59.70%,"292,249","288,256",477968,482078,1.20%,"1,076",0,0,"1,076",
2000,24,36,Ohio,0.578,0.567,55.40%,"4,795,989","4,705,457",8295592,8487355,1.80%,"45,833",0,0,"45,833",
2000,72,38,Oregon,0.659,0.649,59.10%,"1,559,215","1,533,968",2364402,2595354,6.40%,"10,580",0,0,"10,580",
2000,5,40,Rhode Island,0.547,0.542,50.70%,"412,074","408,783",753877,804417,6.90%,"3,286","20,922",331,"14,078",
2000,48,41,South Carolina,0.487,0.47,45.70%,"1,433,533","1,382,717",2944326,3025380,2.20%,"21,778","44,632","4,378","48,472",
2000,37,42,South Dakota,0.587,0.577,56.90%,"322,159","316,269",548498,554875,1.20%,"2,616",0,0,"2,616",
2000,54,43,Tennessee,0.505,0.499,48.10%,"2,100,241","2,076,181",4162996,4316391,2.20%,"22,166","40,682","8,093","50,600",
2000,49,44,Texas,0.492,0.492,42.40%,"6,407,637","6,407,037",13033081,15138468,11.40%,"166,719","441,848","111,719","499,362",
2000,67,45,Utah,0.548,0.538,50.30%,"784,582","770,754",1431668,1534950,6.10%,"5,632",0,0,"5,632",
2000,6,46,Vermont,0.647,0.641,63.10%,"297,146","294,308",459174,463503,2.00%,0,0,0,0,
2000,40,47,Virginia,0.55,0.54,50.90%,"2,789,808","2,739,447",5069265,5389008,5.60%,"30,168","33,955","5,148","52,294",
2000,73,48,Washington,0.614,0.607,56.20%,"2,517,028","2,487,433",4098044,4419907,6.90%,"14,915","154,466",160,"92,308",
2000,68,51,Wyoming,0.614,0.592,58.20%,"221,685","213,726",361078,366639,1.50%,"1,680","4,115",514,"4,252",
1998,0,0,United States,0.393,0.381,35.30%,"74,825,832","72,537,000",190419570,205313182,7.30%,"1,285,469","2,236,975","515,924","2,919,881","2,937,000"
1998,81,2,Alaska,0.556,0.546,52.00%,"227,156","223,300",408758,429317,3.20%,"4,097","4,274",478,"6,712",
1998,61,3,Arizona,0.321,0.315,28.00%,"1,037,550","1,017,616",3232815,3628841,9.40%,"25,311","51,329","3,742","54,718",
1998,71,5,California,0.447,0.435,35.00%,"8,617,649","8,381,871",19264556,23980067,18.50%,"161,904",0,"108,424","270,328",
1998,1,7,Connecticut,0.437,0.427,39.30%,"1,022,453","999,537",2340956,2544417,6.20%,"17,605","55,000","1,396","46,501",
1998,55,9,District of Columbia,0.345,0.34,29.90%,"137,523","135,501",398318,452668,9.80%,"9,829",0,0,"9,829",
1998,43,10,Florida,0.384,0.374,33.00%,"4,070,262","3,965,751",10590870,12001902,10.00%,"67,224","283,965","6,487","215,694",
1998,44,11,Georgia,0.346,0.337,30.80%,"1,842,145","1,792,880",5326337,5828114,5.20%,"39,262","278,669","20,482","199,079",
1998,82,12,Hawaii,0.496,0.49,44.80%,"412,520","407,556",832172,910645,8.10%,"4,924",0,0,"4,924",
1998,63,13,Idaho,0.458,0.452,42.50%,"386,720","381,248",843914,896422,3.50%,"4,083","31,172","1,309","20,978",
1998,21,14,Illinois,0.427,0.41,37.40%,"3,541,379","3,394,521",8285614,9070725,8.20%,"43,051",0,0,"43,051",
1998,22,15,Indiana,0.372,0.365,35.60%,"1,618,689","1,588,617",4348730,4457578,2.00%,"19,197",0,0,"19,197",
1998,31,16,Iowa,0.461,0.453,43.90%,"973,032","956,415",2112132,2176940,2.10%,"7,394","18,447","2,194","18,812",
1998,32,17,Kansas,0.397,0.388,37.20%,"743,288","727,236",1873438,1955236,3.50%,"8,183",0,"6,025","14,208",
1998,51,18,Kentucky,0.415,0.391,38.20%,"1,215,053","1,145,414",2930780,2999287,1.30%,"14,987","17,594","4,508","28,292",
1998,45,19,Louisiana,0.32,0.313,30.10%,"990,243","969,165",3097660,3216121,1.60%,"32,228","33,028","18,759","67,501",
1998,52,21,Maryland,0.436,0.43,39.60%,"1,556,994","1,535,978",3571087,3879108,6.00%,"22,572","78,051","15,528","77,126",
1998,3,22,Massachusetts,0.437,0.43,39.70%,"1,935,277","1,903,336",4430939,4793966,7.60%,0,0,0,0,
1998,23,23,Michigan,0.449,0.434,41.70%,"3,143,432","3,036,886",7005306,7276123,3.10%,"45,879",0,0,"45,879",
1998,33,24,Minnesota,0.623,0.619,58.80%,"2,105,343","2,091,766",3378089,3555108,3.30%,"5,572","100,818","2,995","58,976",
1998,64,27,Montana,0.518,0.507,50.00%,"338,733","331,551",653998,662582,0.90%,"2,734",0,0,"2,734",
1998,35,28,Nebraska,0.486,0.455,43.70%,"581,775","545,238",1197953,1247656,3.00%,"3,676","16,527",624,"12,564",
1998,65,29,Nevada,0.357,0.353,31.10%,"440,042","435,790",1233386,1402851,10.70%,"9,651","12,561","4,055","19,987",
1998,4,30,New Hampshire,0.376,0.363,35.30%,"330,555","318,940",878508,903630,2.50%,"2,169",0,0,"2,169",
1998,12,31,New Jersey,0.344,0.329,29.00%,"1,894,496","1,813,094",5505229,6261197,10.30%,"31,121","129,377","13,218","109,028",
1998,66,32,New Mexico,0.431,0.416,38.80%,"517,355","498,703",1199320,1286104,5.80%,"4,985","10,397","1,773","11,957",
1998,13,33,New York,0.407,0.386,33.50%,"4,989,877","4,735,236",12263356,14139223,12.40%,"70,001",0,"59,548","129,549",
1998,36,35,North Dakota,0.457,0.449,44.30%,"217,584","213,358",475629,481790,1.10%,915,0,0,915,
1998,24,36,Ohio,0.429,0.413,40.40%,"3,534,782","3,404,351",8237516,8424249,1.60%,"48,450",0,0,"48,450",
1998,72,38,Oregon,0.49,0.472,44.20%,"1,160,400","1,117,747",2370381,2526500,5.80%,"8,927",0,0,"8,927",
1998,5,40,Rhode Island,0.428,0.423,38.80%,"309,835","306,445",723772,790726,6.60%,"3,445","21,049",432,"14,402",
1998,48,41,South Carolina,0.387,0.381,36.70%,"1,092,430","1,077,135",2825173,2931120,1.90%,"21,764","46,482","4,404","49,409",
1998,37,42,South Dakota,0.498,0.49,48.30%,"266,355","262,111",534711,543074,1.10%,"2,422",0,0,"2,422",
1998,54,43,Tennessee,0.251,0.239,23.10%,"1,026,017","976,236",4092745,4217608,1.90%,"17,738","38,924","7,605","44,805",
1998,67,45,Utah,0.367,0.358,33.70%,"506,553","494,909",1381989,1467078,5.50%,"4,453",0,0,"4,453",
1998,6,46,Vermont,0.504,0.49,48.10%,"224,382","218,120",444772,453574,1.90%,0,0,0,0,
1998,73,48,Washington,0.493,0.484,44.30%,"1,939,421","1,902,482",3930400,4294765,6.40%,"14,161","152,140",375,"90,606",
1998,56,49,West Virginia,0.292,0.253,25.00%,"405,139","351,277",1388176,1403549,0.50%,"3,478","6,511",975,"7,709",
1998,68,51,Wyoming,0.51,0.499,48.70%,"178,401","174,888",350136,359119,1.40%,"1,571","3,825",448,"3,932",
1996,81,2,Alaska,0.607,0.598,57.00%,"245,212","241,620",404180,423702,3.10%,"3,716","3,999",642,"6,358",
1996,61,3,Arizona,0.465,0.456,41.10%,"1,431,342","1,404,405",3079908,3414380,8.40%,"22,493","40,607","3,785","46,582",
1996,71,5,California,0.55,0.537,43.40%,"10,263,490","10,019,484",18644593,23076427,18.10%,"146,049",0,"99,578","245,627",
1996,1,7,Connecticut,0.604,0.596,55.10%,"1,410,746","1,392,614",2337160,2528212,5.80%,"15,007","55,978","1,083","44,079",
1996,11,8,Delaware,0.525,0.512,48.40%,"277,418","270,810",528630,559598,3.00%,"5,110","16,528",591,"13,965",
1996,55,9,District of Columbia,0.474,0.466,41.30%,"189,210","185,726",398839,450182,9.30%,"9,376",0,0,"9,376",
1996,43,10,Florida,0.533,0.519,46.10%,"5,444,245","5,300,927",10219294,11509122,9.50%,"63,763","237,117","9,243","191,565",
1996,44,11,Georgia,0.458,0.444,41.40%,"2,374,650","2,298,899",5181708,5555577,4.40%,"35,139","143,457","21,146","128,014",
1996,82,12,Hawaii,0.451,0.439,40.20%,"370,230","360,120",820055,895753,8.00%,"4,011",0,0,"4,011",
1996,63,13,Idaho,0.616,0.593,57.20%,"508,030","489,481",825329,856420,3.20%,"3,832",0,0,"3,832",
1996,21,14,Illinois,0.538,0.525,48.30%,"4,418,270","4,311,391",8215662,8927254,7.50%,"38,852",0,0,"38,852",
1996,22,15,Indiana,0.51,0.496,48.60%,"2,195,224","2,135,431",4302745,4397367,1.80%,"16,960",0,0,"16,960",
1996,31,16,Iowa,0.597,0.588,57.30%,"1,251,983","1,234,075",2098332,2154320,1.80%,"6,342","15,386","2,200","16,235",
1996,32,17,Kansas,0.578,0.573,55.30%,"1,073,520","1,063,452",1856507,1922601,3.00%,"7,756",0,0,"7,756",
1996,51,18,Kentucky,0.493,0.482,47.30%,"1,419,592","1,388,707",2880808,2938362,1.20%,"12,910","11,689","4,621","23,376",
1996,45,19,Louisiana,0.584,0.578,56.40%,"1,804,640","1,783,959",3087693,3163302,1.50%,"26,776",0,0,"26,776",
1996,52,21,Maryland,0.508,0.504,46.70%,"1,793,991","1,780,870",3530148,3817454,5.60%,"22,050","70,553","16,246","73,573",
1996,3,22,Massachusetts,0.593,0.584,54.20%,"2,600,278","2,559,180",4385268,4723380,7.20%,0,0,0,0,
1996,23,23,Michigan,0.563,0.553,53.40%,"3,912,261","3,848,844",6954059,7201527,2.80%,"42,349",0,0,"42,349",
1996,33,24,Minnesota,0.666,0.661,63.10%,"2,211,161","2,192,640",3319509,3473117,2.90%,"5,158","90,202","2,377","52,636",
1996,64,27,Montana,0.647,0.631,62.30%,"417,232","407,083",645052,652991,0.90%,"2,293",0,0,"2,293",
1996,35,28,Nebraska,0.578,0.57,55.10%,"686,749","677,415",1188034,1230047,2.50%,"3,287","14,363",688,"11,157",
1996,65,29,Nevada,0.412,0.409,36.50%,"467,657","464,279",1134065,1271617,9.50%,"8,439","9,760","3,216","16,535",
1996,4,30,New Hampshire,0.601,0.583,56.80%,"513,700","499,053",855287,878569,2.40%,"2,062",0,0,"2,062",
1996,12,31,New Jersey,0.569,0.564,50.00%,"3,105,110","3,075,860",5456334,6152216,9.60%,"27,490","125,881","14,545","104,976",
1996,66,32,New Mexico,0.495,0.474,44.50%,"579,763","556,074",1172262,1249597,5.30%,"4,724","8,903","1,426","10,602",
1996,13,33,New York,0.529,0.519,45.30%,"6,439,129","6,316,129",12175850,13942462,11.80%,"69,709",0,"57,137","126,846",
1996,36,35,North Dakota,0.571,0.56,55.30%,"271,850","266,411",475898,481497,1.00%,722,0,0,722,
1996,24,36,Ohio,0.567,0.554,54.20%,"4,638,108","4,534,434",8185999,8366250,1.50%,"46,174",0,"6,331","52,505",
1996,53,37,Oklahoma,0.514,0.51,49.00%,"1,218,248","1,206,713",2368311,2461718,2.30%,"19,593","28,090","2,159","35,797",
1996,72,38,Oregon,0.606,0.597,56.30%,"1,399,180","1,377,760",2309051,2445442,5.20%,"8,661",0,0,"8,661",
1996,48,41,South Carolina,0.441,0.422,40.80%,"1,203,486","1,151,422",2731064,2825088,1.70%,"20,446","42,417","5,036","46,691",
1996,37,42,South Dakota,0.622,0.611,60.30%,"329,316","323,826",529793,537038,1.00%,"2,063",0,0,"2,063",
1996,67,45,Utah,0.521,0.502,47.70%,"691,016","665,629",1326919,1394017,4.80%,0,0,0,0,
1996,6,46,Vermont,0.6,0.593,58.20%,"261,469","258,449",435687,443874,1.80%,0,0,0,0,
1996,40,47,Virginia,0.513,0.502,47.30%,"2,468,229","2,416,642",4811632,5106297,4.70%,"27,655","29,620","9,918","52,383",
1996,73,48,Washington,0.599,0.589,54.30%,"2,293,895","2,253,867",3829308,4147127,5.80%,"12,527","125,780",560,"75,977",
1996,56,49,West Virginia,0.471,0.459,45.50%,"653,331","636,459",1386621,1400343,0.50%,"2,749","5,669",869,"6,453",
1996,68,51,Wyoming,0.625,0.613,59.90%,"215,844","211,571",345112,353354,1.30%,"1,499","3,432",364,"3,579",
1994,0,0,United States,0,0.411,38.50%,,"75,105,860",182623348,195258350,6.40%,"1,037,855","1,778,797","513,686","2,440,940","2,228,514"
1994,81,2,Alaska,0.542,0.534,51.20%,"216,668","213,404",399435,417053,3.00%,"3,292","2,899",412,"5,154",
1994,61,3,Arizona,0.399,0.391,35.60%,"1,153,724","1,129,607",2892171,3169857,7.50%,"19,746","34,365","4,351","41,280",
1994,71,5,California,0.482,0.469,38.10%,"8,900,593","8,658,881",18479124,22721586,17.70%,"125,605",0,"85,082","210,687",
1994,62,6,Colorado,0.443,0.421,40.10%,"1,173,130","1,116,307",2648684,2785952,4.50%,"10,717",0,"2,463","13,180",
1994,1,7,Connecticut,0.498,0.491,45.60%,"1,163,829","1,147,084",2335579,2515100,5.50%,"14,380","53,453","1,146","42,253",
1994,11,8,Delaware,0.393,0.388,36.80%,"201,560","199,029",512941,540474,2.60%,"4,466","15,507","1,029","13,249",
1994,55,9,District of Columbia,0.452,0.446,39.60%,"186,316","183,649",411886,463680,8.80%,"10,949",0,0,"10,949",
1994,43,10,Florida,0.439,0.429,38.20%,"4,305,340","4,206,659",9810247,11016840,9.10%,"57,168","247,014","20,573","201,248",
1994,82,12,Hawaii,0.466,0.456,41.80%,"377,011","369,013",808904,882189,7.90%,"3,333",0,0,"3,333",
1994,63,13,Idaho,0.535,0.527,51.00%,"419,330","413,346",784076,809957,2.80%,"2,811",0,0,"2,811",
1994,21,14,Illinois,0.394,0.38,35.20%,"3,219,122","3,106,566",8175312,8819582,6.90%,"36,531",0,0,"36,531",
1994,22,15,Indiana,0.38,0.364,35.80%,"1,609,481","1,543,568",4235008,4315664,1.50%,"15,014",0,0,"15,014",
1994,31,16,Iowa,0.492,0.48,46.90%,"1,022,372","997,248",2077709,2128370,1.60%,"5,437","15,902","3,696","17,084",
1994,32,17,Kansas,0.455,0.447,43.40%,"836,251","820,846",1837694,1893521,2.60%,"6,371",0,0,"6,371",
1994,51,18,Kentucky,0.292,0.277,27.20%,"827,541","784,299",2829881,2879413,1.00%,"11,066","11,417","4,380","21,155",
1994,45,19,Louisiana,0.294,0.272,26.60%,"893,758","826,837",3038660,3109456,1.50%,"24,063",0,0,"24,063",
1994,52,21,Maryland,0.413,0.405,37.60%,"1,437,450","1,410,299",3480270,3751305,5.20%,"20,998","76,940","14,795","74,263",
1994,3,22,Massachusetts,0.513,0.501,46.70%,"2,232,186","2,179,945",4353287,4668100,6.70%,0,0,0,0,
1994,23,23,Michigan,0.463,0.451,43.60%,"3,177,740","3,089,077",6856388,7081498,2.60%,"40,631",0,0,"40,631",
1994,33,24,Minnesota,0.552,0.545,52.40%,"1,794,618","1,772,929",3253779,3385687,2.50%,"4,575","81,972","1,904","47,465",
1994,46,25,Mississippi,0.326,0.319,31.40%,"621,096","608,085",1903794,1935054,0.70%,"10,930","9,042","1,519","16,970",
1994,64,27,Montana,0.578,0.563,55.70%,"359,455","350,387",622246,629335,0.80%,"1,764",0,0,"1,764",
1994,35,28,Nebraska,0.51,0.498,48.20%,"593,654","579,561",1164502,1201826,2.00%,"2,711","18,639",771,"12,802",
1994,65,29,Nevada,0.374,0.369,33.30%,"386,582","380,530",1032456,1143487,8.40%,"6,993","9,410","3,529","15,227",
1994,4,30,New Hampshire,0.385,0.376,36.60%,"319,443","311,882",829590,851104,2.30%,"2,021",0,0,"2,021",
1994,12,31,New Jersey,0.395,0.381,33.90%,"2,131,328","2,054,887",5392423,6059401,8.90%,"24,632","125,299","41,802","129,084",
1994,66,32,New Mexico,0.431,0.414,39.10%,"485,709","467,621",1128243,1195183,4.90%,"3,712","8,063","1,078","8,822",
1994,13,33,New York,0.437,0.427,37.50%,"5,325,323","5,203,762",12192316,13861352,11.20%,"66,750",0,"53,832","120,582",
1994,36,35,North Dakota,0.513,0.504,49.90%,"240,430","236,547",468989,473993,0.90%,563,0,0,563,
1994,24,36,Ohio,0.435,0.423,41.40%,"3,540,954","3,436,884",8132122,8292312,1.40%,"43,074",0,0,"43,074",
1994,53,37,Oklahoma,0.431,0.427,41.30%,"1,002,363","995,012",2327519,2410272,2.00%,"16,631","28,285","2,604","33,378",
1994,72,38,Oregon,0.563,0.548,52.10%,"1,254,265","1,221,010",2229242,2344505,4.60%,"6,936",0,0,"6,936",
1994,48,41,South Carolina,0.357,0.351,34.00%,"951,901","934,886",2663830,2747987,1.40%,"18,999","40,005","6,077","45,079",
1994,37,42,South Dakota,0.613,0.601,59.40%,"318,090","311,613",518815,524910,0.80%,"1,708",0,0,"1,708",
1994,67,45,Utah,0.427,0.415,39.80%,"532,737","517,790",1248726,1302522,4.10%,0,0,0,0,
1994,6,46,Vermont,0.508,0.495,48.70%,"216,715","211,449",426953,434549,1.70%,0,0,0,0,
1994,73,48,Washington,0.467,0.458,42.60%,"1,733,471","1,700,173",3715174,3994036,5.30%,"10,833","110,279","1,650","67,623",
1994,56,49,West Virginia,0.319,0.305,30.20%,"439,551","420,936",1379339,1392499,0.50%,"1,930","5,992","1,380","6,306",
1994,68,51,Wyoming,0.605,0.598,58.60%,"204,025","201,710",337032,344492,1.20%,"1,217","3,367",313,"3,214",
1992,0,0,United States,0,0.581,54.70%,,"104,405,155",179655523,190777923,6.00%,"866,945","1,648,767","491,856","2,183,185","2,417,648"
1992,81,2,Alaska,0.671,0.663,63.60%,"261,427","258,506",389898,406653,2.90%,"2,865","3,014",710,"5,082",
1992,61,3,Arizona,0.567,0.557,51.30%,"1,516,276","1,486,975",2671933,2897181,6.50%,"16,477","34,647","3,588","37,389",
1992,71,5,California,0.616,0.603,49.30%,"11,374,565","11,131,721",18460157,22573381,17.30%,"109,496",0,"87,725","197,221",
1992,62,6,Colorado,0.64,0.629,60.30%,"1,597,166","1,569,180",2494998,2602217,3.70%,"8,997",0,"2,634","11,631",
1992,1,7,Connecticut,0.698,0.686,64.10%,"1,645,609","1,616,332",2356937,2521774,5.10%,"11,403","48,567",483,"36,170",
1992,11,8,Delaware,0.583,0.58,55.30%,"290,836","289,735",499266,523661,2.20%,"4,062","14,887","1,120","12,626",
1992,55,9,District of Columbia,0.542,0.533,47.70%,"231,445","227,572",427102,477564,8.30%,"10,845",0,0,"10,845",
1992,43,10,Florida,0.572,0.559,50.20%,"5,438,612","5,314,392",9506230,10591116,8.70%,"48,302","200,471","14,021","162,559",
1992,82,12,Hawaii,0.482,0.469,43.00%,"382,882","372,842",795148,866114,7.90%,"2,926",0,0,"2,926",
1992,63,13,Idaho,0.669,0.656,63.80%,"491,725","482,142",734855,756119,2.50%,"2,256",0,0,"2,256",
1992,21,14,Illinois,0.636,0.622,58.10%,"5,164,357","5,050,157",8113900,8688184,6.20%,"31,640",0,0,"31,640",
1992,22,15,Indiana,0.564,0.554,54.50%,"2,347,912","2,305,871",4162678,4230602,1.30%,"13,945",0,0,"13,945",
1992,31,16,Iowa,0.661,0.658,64.50%,"1,360,856","1,354,607",2057690,2098809,1.30%,"4,518","14,084","2,065","13,625",
1992,32,17,Kansas,0.641,0.639,62.30%,"1,161,044","1,157,335",1810750,1857444,2.20%,"6,028",0,0,"6,028",
1992,45,19,Louisiana,0.6,0.597,58.40%,"1,799,596","1,790,017",2997301,3063068,1.50%,"20,980",0,0,"20,980",
1992,52,21,Maryland,0.581,0.577,53.70%,"1,999,486","1,985,046",3440015,3695298,4.90%,"19,977","82,948","13,058","74,509",
1992,3,22,Massachusetts,0.649,0.638,59.80%,"2,822,962","2,773,700",4346897,4640629,6.30%,0,0,0,0,
1992,23,23,Michigan,0.64,0.63,61.10%,"4,341,909","4,274,673",6786593,6990822,2.40%,"39,113",0,0,"39,113",
1992,33,24,Minnesota,0.739,0.737,71.20%,"2,355,796","2,347,948",3187255,3298080,2.10%,"3,822","72,938","1,901","42,192",
1992,46,25,Mississippi,0.543,0.529,52.20%,"1,008,019","981,793",1854797,1882100,0.60%,"8,905","8,031","2,357","15,278",
1992,64,27,Montana,0.704,0.692,68.50%,"417,564","410,611",593345,599859,0.80%,"1,548",0,0,"1,548",
1992,35,28,Nebraska,0.648,0.642,62.60%,"744,548","737,546",1149525,1178965,1.60%,"2,514","15,386",697,"10,904",
1992,65,29,Nevada,0.546,0.539,49.30%,"513,387","506,318",940066,1028056,7.20%,"6,049","8,533","3,246","13,562",
1992,4,30,New Hampshire,0.67,0.661,64.50%,"545,197","537,943",814160,833997,2.20%,"1,777",0,0,"1,777",
1992,12,31,New Jersey,0.62,0.619,55.70%,"3,348,312","3,343,594",5398559,6000364,8.10%,"22,653","108,093","36,120","112,820",
1992,66,32,New Mexico,0.55,0.531,50.40%,"590,901","569,986",1073421,1131081,4.40%,"3,271","6,921","1,331","8,063",
1992,13,33,New York,0.578,0.566,50.20%,"7,068,630","6,926,925",12227775,13799670,10.60%,"61,736",0,"50,004","111,740",
1992,36,35,North Dakota,0.681,0.666,66.00%,"315,199","308,133",462631,467130,0.90%,477,0,0,477,
1992,24,36,Ohio,0.625,0.613,60.20%,"5,043,094","4,939,967",8063595,8208502,1.30%,"38,378",0,0,"38,378",
1992,53,37,Oklahoma,0.635,0.606,58.80%,"1,455,635","1,390,359",2293931,2366029,1.80%,"14,821","25,902","2,758","30,530",
1992,72,38,Oregon,0.699,0.682,65.30%,"1,498,959","1,462,643",2144867,2241507,4.00%,"6,583",0,0,"6,583",
1992,48,41,South Carolina,0.473,0.461,44.80%,"1,234,712","1,202,527",2610725,2683852,1.20%,"18,643","35,587","5,325","41,762",
1992,67,45,Utah,0.675,0.64,61.80%,"784,988","743,999",1162363,1203861,3.40%,0,0,0,0,
1992,6,46,Vermont,0.697,0.69,67.90%,"292,797","289,701",419810,426860,1.70%,0,0,0,0,
1992,73,48,Washington,0.65,0.64,59.80%,"2,324,907","2,288,230",3575852,3827227,4.70%,"9,959","103,837","7,850","69,728",
1992,68,51,Wyoming,0.628,0.619,60.60%,"203,602","200,617",324253,331170,1.10%,"1,063","3,310",404,"3,122",
1990,0,0,United States,0,0.384,36.50%,,"67,859,189",176629259,186158841,5.50%,"761,106","1,489,999","395,140","1,901,246","2,659,455"
1990,81,2,Alaska,0.542,0.534,51.30%,"197,540","194,750",364419,379863,2.80%,"2,622","3,599",568,"4,990",
1990,61,3,Arizona,0.434,0.418,39.00%,"1,094,735","1,055,406",2523614,2705468,5.50%,"14,861","30,397","2,711","32,771",
1990,71,5,California,0.435,0.424,34.90%,"7,899,131","7,699,420",18156500,22061053,17.00%,"97,309",0,"67,562","164,871",
1990,62,6,Colorado,0.442,0.432,41.80%,"1,046,139","1,022,027",2366650,2447513,2.90%,"7,671",0,"2,396","10,067",
1990,1,7,Connecticut,0.486,0.479,45.00%,"1,159,361","1,141,101",2383795,2538398,4.70%,"10,500","46,640",291,"34,111",
1990,11,8,Delaware,0.378,0.37,35.50%,"183,977","180,152",486760,507016,1.90%,"3,471","12,223","1,283","10,866",
1990,55,9,District of Columbia,0.389,0.383,34.50%,"171,677","169,066",441742,489808,7.80%,"9,947",0,0,"9,947",
1990,82,12,Hawaii,0.459,0.454,41.70%,"354,144","349,666",770836,838633,7.80%,"2,533",0,0,"2,533",
1990,63,13,Idaho,0.476,0.465,45.30%,"328,340","320,610",690154,707535,2.20%,"1,961",0,0,"1,961",
1990,21,14,Illinois,0.426,0.406,38.20%,"3,420,720","3,257,410",8029525,8535069,5.60%,"27,516",0,0,"27,516",
1990,22,15,Indiana,0.384,0.368,36.30%,"1,566,371","1,502,687",4080236,4135602,1.00%,"12,736",0,0,"12,736",
1990,31,16,Iowa,0.495,0.484,47.60%,"1,004,908","983,933",2030935,2065490,1.00%,"3,967","13,895","2,111","13,026",
1990,32,17,Kansas,0.452,0.441,43.20%,"805,251","786,096",1783412,1821368,1.80%,"5,775",0,0,"5,775",
1990,52,21,Maryland,0.345,0.327,30.60%,"1,170,867","1,111,088",3397126,3632477,4.50%,"17,848","82,898","11,192","70,489",
1990,3,22,Massachusetts,0.553,0.534,50.30%,"2,424,579","2,341,990",4384671,4660342,5.90%,0,0,0,0,
1990,23,23,Michigan,0.395,0.383,37.30%,"2,641,649","2,564,563",6693069,6872954,2.10%,"34,267",0,0,"34,267",
1990,33,24,Minnesota,0.588,0.576,56.00%,"1,843,104","1,806,777",3136830,3225335,1.70%,"3,176","59,323","1,873","34,711",
1990,64,27,Montana,0.57,0.557,55.10%,"326,652","319,336",573045,579158,0.80%,"1,425",0,0,"1,425",
1990,35,28,Nebraska,0.534,0.525,51.40%,"604,195","593,828",1131746,1154859,1.10%,"2,403","14,654",632,"10,362",
1990,65,29,Nevada,0.38,0.374,34.60%,"325,959","320,743",858018,926572,6.10%,"5,322","7,700","2,850","12,022",
1990,4,30,New Hampshire,0.378,0.362,35.40%,"307,700","294,819",814549,832887,2.00%,"1,342",0,0,"1,342",
1990,12,31,New Jersey,0.368,0.357,32.60%,"1,998,894","1,938,454",5429251,5951541,7.40%,"21,128","72,341","23,298","80,597",
1990,66,32,New Mexico,0.418,0.4,38.20%,"429,509","411,236",1026902,1076522,3.90%,"3,187","6,294","1,224","7,558",
1990,13,33,New York,0.35,0.331,29.50%,"4,290,261","4,056,896",12271903,13742688,10.00%,"54,895",0,"42,837","97,732",
1990,36,35,North Dakota,0.52,0.507,50.20%,"240,301","233,973",461711,465851,0.80%,483,0,0,483,
1990,24,36,Ohio,0.454,0.436,42.90%,"3,620,469","3,477,650",7975680,8103382,1.20%,"31,822",0,0,"31,822",
1990,53,37,Oklahoma,0.413,0.405,39.40%,"929,639","911,314",2251719,2313340,1.50%,"12,285","24,411","3,236","27,727",
1990,72,38,Oregon,0.551,0.541,52.10%,"1,133,125","1,112,847",2057833,2137314,3.40%,"6,492",0,0,"6,492",
1990,5,40,Rhode Island,0.517,0.502,46.60%,"375,188","364,052",725084,780448,5.80%,"2,392","15,366",321,"10,396",
1990,48,41,South Carolina,0.313,0.3,29.30%,"793,614","760,965",2537384,2598170,0.90%,"17,319","32,287","3,543","37,006",
1990,67,45,Utah,0.422,0.407,39.60%,"457,983","442,213",1086050,1116922,2.80%,0,0,0,0,
1990,6,46,Vermont,0.523,0.509,50.10%,"217,384","211,422",415564,422130,1.60%,0,0,0,0,
1990,73,48,Washington,0.398,0.384,36.10%,"1,362,651","1,313,217",3421256,3634031,4.20%,"7,995","84,817","9,615","60,019",
1990,68,51,Wyoming,0.525,0.512,50.20%,"164,309","160,109",312961,319255,1.10%,"1,110","2,980",313,"2,913",
1988,0,0,United States,0,0.528,50.30%,,"91,594,691",173579281,181955484,5.10%,"616,785","1,319,935","317,223","1,593,976","2,527,370"
1988,81,2,Alaska,0.573,0.564,54.20%,"203,433","200,116",355023,369260,2.60%,"2,588","2,994",498,"4,583",
1988,61,3,Arizona,0.491,0.477,44.90%,"1,204,169","1,171,873",2454254,2609995,5.00%,"12,095","25,446","1,669","26,487",
1988,71,5,California,0.575,0.557,46.50%,"10,194,539","9,887,065",17738700,21249801,15.90%,"76,171",0,"49,364","125,535",
1988,62,6,Colorado,0.608,0.59,57.30%,"1,416,265","1,372,394",2327768,2396786,2.60%,"5,765",0,"1,743","7,508",
1988,1,7,Connecticut,0.614,0.607,57.20%,"1,461,962","1,443,394",2379699,2525021,4.50%,"8,005","46,086",371,"31,419",
1988,11,8,Delaware,0.54,0.529,51.00%,"254,973","249,891",472441,489696,1.70%,"3,197","9,576","1,093","9,078",
1988,55,9,District of Columbia,0.435,0.425,38.40%,"197,135","192,877",453636,502362,7.20%,"8,831",0,"3,949","12,780",
1988,82,12,Hawaii,0.498,0.479,44.10%,"368,567","354,461",739890,803568,7.60%,"2,300",0,0,"2,300",
1988,63,13,Idaho,0.631,0.613,59.90%,"421,213","408,968",667345,682522,2.00%,"1,581",0,0,"1,581",
1988,21,14,Illinois,0.591,0.573,54.20%,"4,697,192","4,559,120",7950848,8410414,5.20%,"21,081",0,0,"21,081",
1988,22,15,Indiana,0.556,0.543,53.60%,"2,222,811","2,168,621",3996319,4045785,0.90%,"11,406",0,0,"11,406",
1988,31,16,Iowa,0.614,0.606,59.70%,"1,240,854","1,225,614",2021793,2052326,0.90%,"3,034","13,099","1,945","11,529",
1988,52,21,Maryland,0.525,0.516,48.50%,"1,747,350","1,714,358",3325582,3535730,4.20%,"14,276","78,619","9,225","62,811",
1988,3,22,Massachusetts,0.613,0.6,56.70%,"2,689,857","2,632,801",4385728,4642061,5.50%,0,0,0,0,
1988,23,23,Michigan,0.567,0.555,54.20%,"3,745,751","3,669,163",6608812,6773776,2.00%,"27,612",0,0,"27,612",
1988,33,24,Minnesota,0.688,0.679,66.20%,"2,125,119","2,096,790",3087194,3166668,1.50%,"2,799","56,901","1,639","32,889",
1988,64,27,Montana,0.667,0.644,63.70%,"378,981","365,674",568014,573791,0.80%,"1,272",0,0,"1,272",
1988,35,28,Nebraska,0.603,0.588,57.80%,"678,669","661,465",1125252,1144305,0.90%,"2,156","11,411",447,"8,309",
1988,65,29,Nevada,0.461,0.456,42.50%,"354,261","350,067",768131,823940,5.50%,"4,881","7,032","2,100","10,497",
1988,4,30,New Hampshire,0.578,0.564,55.20%,"462,503","451,074",800468,817358,1.90%,"1,019",0,0,"1,019",
1988,12,31,New Jersey,0.571,0.57,52.50%,"3,102,502","3,099,553",5435008,5904776,6.90%,"16,936","57,903","18,463","64,351",
1988,66,32,New Mexico,0.534,0.52,49.80%,"535,694","521,287",1002876,1046754,3.60%,"2,825","5,312","1,230","6,711",
1988,13,33,New York,0.54,0.527,47.50%,"6,636,310","6,485,683",12300666,13659215,9.40%,"44,560",0,"33,962","78,522",
1988,36,35,North Dakota,0.662,0.637,63.20%,"309,100","297,261",466684,470652,0.70%,466,0,0,466,
1988,24,36,Ohio,0.573,0.558,55.00%,"4,505,284","4,393,585",7869099,7986220,1.10%,"26,462",0,0,"26,462",
1988,53,37,Oklahoma,0.531,0.521,50.90%,"1,192,815","1,171,036",2245785,2300258,1.30%,"10,448","23,341","1,455","23,574",
1988,72,38,Oregon,0.623,0.606,58.50%,"1,235,199","1,201,694",1982355,2055379,3.10%,"5,991",0,"3,790","9,781",
1988,5,40,Rhode Island,0.576,0.561,52.50%,"415,963","404,620",721773,771407,5.50%,"1,906","9,824",442,"7,260",
1988,48,41,South Carolina,0.425,0.402,39.40%,"1,041,846","986,009",2453644,2504635,0.80%,"13,888","26,260","3,626","30,644",
1988,67,45,Utah,0.634,0.62,60.50%,"661,546","647,008",1043170,1069800,2.50%,0,0,0,0,
1988,6,46,Vermont,0.667,0.601,59.20%,"270,148","243,328",404795,411136,1.50%,0,0,0,0,
1988,73,48,Washington,0.586,0.568,53.80%,"1,923,043","1,865,253",3282173,3465082,3.90%,"5,816","64,257","10,745","48,690",
1988,68,51,Wyoming,0.592,0.56,55.10%,"186,417","176,551",315073,320695,1.00%,945,"2,186",333,"2,371",
1986,0,0,United States,0,0.381,36.50%,,"64,991,128",170396029,177922330,4.70%,"535,547","1,177,814","242,663","1,367,117","2,216,053"
1986,81,2,Alaska,0.519,0.514,49.60%,"182,526","180,801",351841,364871,2.50%,"2,460","2,885",119,"4,022",
1986,61,3,Arizona,0.384,0.374,35.30%,"889,668","866,984",2319046,2452624,4.60%,"9,434","20,283","2,034","21,610",
1986,71,5,California,0.444,0.434,36.80%,"7,617,142","7,443,551",17166275,20222886,14.70%,"59,484",0,"33,172","92,656",
1986,62,6,Colorado,0.475,0.459,44.70%,"1,096,867","1,060,765",2309652,2372880,2.40%,"3,804",0,"1,827","5,631",
1986,1,7,Connecticut,0.437,0.424,40.10%,"1,025,605","993,692",2344327,2479722,4.30%,"6,905","41,304",603,"28,160",
1986,11,8,Delaware,0.363,0.353,34.10%,"165,563","160,757",455609,470828,1.60%,"2,833","7,985",978,"7,804",
1986,55,9,District of Columbia,0.288,0.283,25.90%,"134,158","131,802",465993,508553,6.50%,"6,618",0,"2,980","9,598",
1986,82,12,Hawaii,0.481,0.467,43.10%,"344,416","334,115",715459,775534,7.50%,"2,180",0,0,"2,180",
1986,63,13,Idaho,0.593,0.584,57.20%,"392,909","387,426",663126,677205,1.90%,"1,448",0,0,"1,448",
1986,21,14,Illinois,0.42,0.397,37.70%,"3,322,657","3,144,185",7912733,8343755,4.90%,"19,456",0,0,"19,456",
1986,22,15,Indiana,0.411,0.394,39.00%,"1,619,005","1,555,505",3943714,3990379,0.90%,"10,175",0,0,"10,175",
1986,31,16,Iowa,0.456,0.451,44.40%,"922,094","910,623",2020678,2049547,0.90%,"2,777","12,584","1,929","10,998",
1986,52,21,Maryland,0.361,0.346,32.70%,"1,161,136","1,112,637",3216833,3401061,3.80%,"13,326","69,134","7,494","55,387",
1986,3,22,Massachusetts,0.411,0.389,36.90%,"1,777,276","1,684,079",4326264,4560556,5.10%,0,0,0,0,
1986,23,23,Michigan,0.378,0.368,35.90%,"2,468,009","2,396,564",6520661,6674856,2.00%,"20,742",0,0,"20,742",
1986,33,24,Minnesota,0.482,0.468,45.80%,"1,456,579","1,415,989",3024070,3089544,1.40%,"2,462","38,901","1,437","23,350",
1986,64,27,Montana,0.571,0.556,55.00%,"326,436","317,862",572113,577604,0.80%,"1,111",0,0,"1,111",
1986,35,28,Nebraska,0.515,0.503,49.50%,"577,916","564,422",1123099,1141336,0.90%,"2,044","11,265",304,"7,981",
1986,65,29,Nevada,0.378,0.374,35.10%,"264,365","261,932",700192,747283,5.10%,"4,551","5,518","1,529","8,839",
1986,4,30,New Hampshire,0.338,0.33,32.40%,"257,410","250,966",760526,775686,1.90%,782,0,0,782,
1986,12,31,New Jersey,0.304,0.288,26.70%,"1,639,330","1,553,544",5396487,5819614,6.40%,"12,020","51,359","14,064","51,764",
1986,66,32,New Mexico,0.414,0.4,38.50%,"408,621","394,833",987220,1026160,3.20%,"2,416","4,175","1,147","5,651",
1986,13,33,New York,0.365,0.35,31.80%,"4,481,718","4,293,971",12263480,13512043,8.70%,"38,449",0,"29,325","67,774",
1986,36,35,North Dakota,0.623,0.61,60.50%,"295,177","289,013",473962,477812,0.70%,421,0,0,421,
1986,24,36,Ohio,0.466,0.401,39.60%,"3,628,870","3,121,189",7781083,7891503,1.10%,"22,463",0,0,"22,463",
1986,53,37,Oklahoma,0.408,0.397,38.80%,"934,447","909,925",2290182,2343190,1.30%,"9,708","22,740","1,670","22,748",
1986,72,38,Oregon,0.564,0.549,53.20%,"1,088,140","1,059,630",1928782,1990233,2.80%,"4,770",0,0,"4,770",
1986,5,40,Rhode Island,0.454,0.43,40.40%,"322,724","305,663",711034,756297,5.20%,"1,358","8,174",453,"5,898",
1986,48,41,South Carolina,0.319,0.315,30.90%,"763,493","753,751",2393329,2437430,0.80%,"11,676","21,110","3,066","25,297",
1986,67,45,Utah,0.435,0.425,41.50%,"445,499","435,111",1024337,1049339,2.40%,0,0,0,0,
1986,6,46,Vermont,0.543,0.505,49.70%,"211,709","196,716",389843,396034,1.60%,0,0,0,0,
1986,73,48,Washington,0.431,0.424,40.40%,"1,358,160","1,337,367",3151152,3310457,3.60%,"6,603","49,663","7,666","39,101",
1986,56,49,West Virginia,0.328,0.299,29.70%,"449,249","410,131",1370305,1380916,0.40%,"1,472","4,241",968,"4,561",
1986,68,51,Wyoming,0.513,0.501,49.30%,"168,615","164,720",328971,334385,1.00%,861,"1,840",337,"2,118",
1984,0,0,United States,0,0.552,53.30%,,"92,652,680",167701904,173994610,4.30%,"454,092","1,012,936","204,686","1,165,246","2,360,867"
1984,81,2,Alaska,0.621,0.605,58.60%,"213,173","207,605",343030,354410,2.30%,"1,967","2,064",147,"3,146",
1984,61,3,Arizona,0.489,0.477,45.30%,"1,051,339","1,025,897",2151391,2263826,4.20%,"7,845","16,687","1,660","17,849",
1984,71,5,California,0.589,0.572,49.30%,"9,796,375","9,505,423",16618345,19270739,13.40%,"43,197",0,"30,645","73,842",
1984,62,6,Colorado,0.592,0.571,55.70%,"1,343,437","1,295,380",2267668,2325829,2.30%,"3,231",0,"1,709","4,940",
1984,1,7,Connecticut,0.648,0.638,60.30%,"1,490,946","1,466,900",2300533,2431057,4.10%,"5,718","46,681",868,"29,927",
1984,11,8,Delaware,0.584,0.575,55.90%,"258,182","254,572",442354,455312,1.50%,"2,202","6,373",830,"6,219",
1984,55,9,District of Columbia,0.465,0.448,41.80%,"219,193","211,288",471669,505550,5.80%,"4,521",0,0,"4,521",
1984,82,12,Hawaii,0.503,0.484,44.70%,"349,253","335,846",694187,750909,7.30%,"1,965",0,0,"1,965",
1984,63,13,Idaho,0.637,0.62,60.80%,"421,935","411,144",662771,675772,1.70%,"1,253",0,0,"1,253",
1984,21,14,Illinois,0.627,0.608,57.90%,"4,969,352","4,819,088",7922605,8327065,4.70%,"17,114",0,0,"17,114",
1984,22,15,Indiana,0.579,0.57,56.40%,"2,268,493","2,233,069",3916362,3960870,0.90%,"9,328",0,0,"9,328",
1984,31,16,Iowa,0.651,0.641,63.30%,"1,339,886","1,319,805",2057482,2084995,0.80%,"2,836","11,924","1,662","10,460",
1984,52,21,Maryland,0.545,0.538,51.10%,"1,695,924","1,675,873",3113967,3278321,3.40%,"13,124","64,827","7,046","52,584",
1984,3,22,Massachusetts,0.607,0.599,57.00%,"2,595,054","2,559,453",4273437,4486676,4.80%,0,0,0,0,
1984,23,23,Michigan,0.606,0.593,58.00%,"3,884,854","3,801,658",6407156,6550877,2.00%,"14,604",0,0,"14,604",
1984,33,24,Minnesota,0.709,0.699,68.60%,"2,115,317","2,084,449",2982015,3039490,1.30%,"2,167","31,440","1,418","19,305",
1984,64,27,Montana,0.682,0.664,65.80%,"395,006","384,377",578925,584162,0.70%,964,0,0,964,
1984,35,28,Nebraska,0.591,0.575,56.60%,"670,781","652,090",1135012,1152310,0.90%,"1,665","10,763",361,"7,408",
1984,65,29,Nevada,0.448,0.436,41.10%,"294,413","286,667",656862,697185,4.70%,"3,488","5,226","1,187","7,288",
1984,4,30,New Hampshire,0.566,0.541,53.10%,"406,608","388,904",718967,732480,1.80%,581,0,0,581,
1984,12,31,New Jersey,0.605,0.605,56.50%,"3,215,941","3,217,862",5318696,5699440,5.90%,"10,363","44,208","12,206","44,673",
1984,66,32,New Mexico,0.546,0.538,51.90%,"522,328","514,370",956246,990632,2.90%,"2,129","3,926","1,194","5,286",
1984,13,33,New York,0.572,0.556,50.90%,"7,000,828","6,806,810",12232120,13373558,8.10%,"33,109",0,"24,212","57,321",
1984,36,35,North Dakota,0.672,0.64,63.50%,"324,179","308,971",482655,486449,0.70%,432,0,0,432,
1984,24,36,Ohio,0.603,0.588,58.00%,"4,664,223","4,547,619",7732456,7836806,1.10%,"18,619",0,0,"18,619",
1984,53,37,Oklahoma,0.555,0.54,52.90%,"1,290,555","1,255,676",2324445,2373014,1.20%,"7,872","18,809","1,880","19,157",
1984,72,38,Oregon,0.664,0.643,62.50%,"1,265,824","1,226,527",1906880,1962501,2.60%,"4,224",0,0,"4,224",
1984,5,40,Rhode Island,0.606,0.588,55.50%,"422,851","410,492",697537,739064,4.90%,"1,221","7,147",394,"5,189",
1984,48,41,South Carolina,0.437,0.416,40.90%,"1,018,701","968,529",2329080,2368236,0.70%,"9,892","17,043","3,441","21,855",
1984,67,45,Utah,0.643,0.63,61.60%,"641,846","629,656",998820,1022083,2.30%,0,0,0,0,
1984,6,46,Vermont,0.616,0.615,60.50%,"235,140","234,561",381479,387620,1.60%,0,0,0,0,
1984,73,48,Washington,0.629,0.613,58.60%,"1,931,546","1,883,910",3072714,3213263,3.40%,"6,821","39,181","5,253","31,665",
1984,68,51,Wyoming,0.579,0.558,54.90%,"196,153","188,968",338733,343957,1.00%,724,"1,708",352,"1,930",
1982,0,0,United States (Excl. Louisiana),0,0.421,40.70%,,"67,615,576",160466919,166027633,4.00%,"399,102","789,951","165,559","959,637","1,981,895"
1982,81,2,Alaska,0.649,0.634,61.50%,"199,458","194,885",307558,316787,2.20%,"1,322","1,816",101,"2,331",
1982,61,3,Arizona,0.368,0.36,34.40%,"742,923","726,364",2017098,2112246,3.80%,"6,069","14,949","1,527","15,071",
1982,71,5,California,0.499,0.487,42.70%,"8,064,314","7,876,698",16161555,18448245,12.10%,"34,640",0,"18,913","53,553",
1982,62,6,Colorado,0.473,0.435,42.50%,"1,037,774","956,021",2196263,2248839,2.10%,"3,042",0,"1,202","4,244",
1982,1,7,Connecticut,0.494,0.481,45.70%,"1,112,428","1,084,156",2253328,2369975,4.00%,"5,156","33,061","1,311","22,998",
1982,11,8,Delaware,0.455,0.444,43.30%,"195,726","190,960",430257,441374,1.40%,"2,068","4,626",621,"5,002",
1982,82,12,Hawaii,0.485,0.465,43.10%,"325,459","311,853",671172,724189,7.10%,"1,461",0,0,"1,461",
1982,63,13,Idaho,0.511,0.502,49.30%,"332,237","326,522",650534,662251,1.60%,"1,044",0,0,"1,044",
1982,21,14,Illinois,0.488,0.465,44.30%,"3,856,875","3,673,681",7908220,8284606,4.40%,"14,293",0,0,"14,293",
1982,22,15,Indiana,0.473,0.468,46.30%,"1,834,225","1,817,287",3879314,3921907,0.90%,"8,790",0,0,"8,790",
1982,31,16,Iowa,0.508,0.502,49.60%,"1,050,495","1,038,229",2068844,2094031,0.80%,"2,829","10,625","1,050","9,192",
1982,52,21,Maryland,0.392,0.375,35.90%,"1,190,011","1,139,149",3034834,3174995,3.00%,"11,617","52,603","6,024","43,943",
1982,3,22,Massachusetts,0.503,0.49,46.90%,"2,103,780","2,050,769",4184146,4375262,4.40%,0,0,0,0,
1982,23,23,Michigan,0.493,0.478,46.80%,"3,135,928","3,040,008",6357552,6498711,1.90%,"14,913",0,0,"14,913",
1982,33,24,Minnesota,0.623,0.613,60.30%,"1,834,737","1,804,675",2943169,2993256,1.10%,"2,081","24,320","1,479","15,720",
1982,64,27,Montana,0.576,0.564,55.90%,"328,082","321,062",569629,574592,0.70%,914,0,0,914,
1982,35,28,Nebraska,0.496,0.485,47.80%,"559,422","547,902",1128918,1145316,0.80%,"1,739","9,964",309,"7,030",
1982,65,29,Nevada,0.391,0.387,36.70%,"242,578","240,394",621060,655823,4.40%,"2,753","4,733","1,065","6,185",
1982,4,30,New Hampshire,0.421,0.412,40.50%,"289,057","282,588",686264,698424,1.70%,445,0,0,445,
1982,12,31,New Jersey,0.438,0.42,39.40%,"2,286,925","2,193,945",5224732,5563627,5.40%,"8,191","38,186","10,514","37,798",
1982,66,32,New Mexico,0.455,0.443,42.90%,"417,945","407,466",919311,949133,2.60%,"1,718","3,854","1,206","4,851",
1982,13,33,New York,0.449,0.434,40.00%,"5,437,367","5,254,891",12118685,13150573,7.50%,"27,945",0,"21,062","49,007",
1982,36,35,North Dakota,0.572,0.55,54.60%,"272,876","262,465",476851,480367,0.70%,322,0,0,322,
1982,24,36,Ohio,0.462,0.441,43.60%,"3,551,995","3,395,463",7692059,7793022,1.10%,"17,317",0,0,"17,317",
1982,53,37,Oklahoma,0.391,0.384,37.60%,"901,488","883,130",2302670,2346265,1.20%,"6,500","14,749","1,858","15,733",
1982,72,38,Oregon,0.561,0.55,53.50%,"1,063,913","1,042,009",1895706,1946116,2.40%,"3,900",0,0,"3,900",
1982,5,40,Rhode Island,0.542,0.5,47.40%,"370,928","342,779",684977,723060,4.60%,"1,037","6,501",327,"4,615",
1982,48,41,South Carolina,0.304,0.297,29.20%,"688,300","671,625",2260577,2297223,0.70%,"9,137","16,981","3,175","20,803",
1982,67,45,Utah,0.558,0.551,53.90%,"537,207","530,802",962724,984073,2.20%,0,0,0,0,
1982,6,46,Vermont,0.461,0.454,44.60%,"172,084","169,251",372982,379067,1.60%,0,0,0,0,
1982,73,48,Washington,0.468,0.456,43.60%,"1,404,831","1,368,476",2999997,3138109,3.10%,"6,264","60,142","3,047","39,382",
1982,68,51,Wyoming,0.5,0.49,48.30%,"172,065","168,555",344218,349060,0.90%,702,"1,303",244,"1,598",
1980,0,0,United States,0,0.542,52.60%,,"86,515,221",159635102,164445475,3.50%,"324,410","618,471","168,331","801,977","1,803,021"
1980,81,2,Alaska,0.602,0.587,57.10%,"162,653","158,445",270122,277261,2.00%,822,"1,181",93,"1,506",
1980,61,3,Arizona,0.475,0.462,44.40%,"898,183","873,945",1890167,1968947,3.40%,"4,372","12,584","1,093","11,757",
1980,71,5,California,0.562,0.55,48.90%,"8,775,459","8,587,063",15610966,17551451,10.80%,"24,569",0,"15,253","39,822",
1980,62,6,Colorado,0.591,0.572,55.90%,"1,225,549","1,184,415",2071959,2118092,2.00%,"2,629",0,927,"3,556",
1980,1,7,Connecticut,0.647,0.639,61.00%,"1,423,403","1,406,285",2201356,2305904,3.80%,"4,308","22,981","1,932","17,731",
1980,11,8,Delaware,0.568,0.56,54.70%,"239,136","235,900",421344,430879,1.30%,"1,474","3,762",619,"3,974",
1980,55,9,District of Columbia,0.379,0.372,35.30%,"178,434","175,237",470956,496230,4.50%,"3,145",0,0,"3,145",
1980,82,12,Hawaii,0.492,0.469,43.60%,"318,026","303,287",646583,695906,6.90%,985,0,0,985,
1980,63,13,Idaho,0.704,0.69,67.90%,"446,045","437,431",633624,644004,1.50%,817,0,0,817,
1980,21,14,Illinois,0.619,0.604,57.80%,"4,868,890","4,749,721",7868300,8216218,4.10%,"11,899",0,0,"11,899",
1980,22,15,Indiana,0.592,0.583,57.70%,"2,275,433","2,242,033",3846321,3885473,0.80%,"6,683",0,0,"6,683",
1980,31,16,Iowa,0.635,0.636,62.90%,"1,314,258","1,317,661",2070935,2093321,0.70%,"2,481","8,815",639,"7,528",
1980,52,21,Maryland,0.525,0.52,50.00%,"1,557,709","1,540,496",2964704,3081409,2.70%,"7,731","41,661","6,436","34,998",
1980,3,22,Massachusetts,0.624,0.614,59.00%,"2,566,807","2,524,298",4110721,4281265,4.00%,0,0,0,0,
1980,23,23,Michigan,0.624,0.613,60.00%,"3,978,647","3,909,725",6374955,6514790,1.90%,"15,124",0,0,"15,124",
1980,33,24,Minnesota,0.721,0.712,70.00%,"2,079,451","2,051,980",2882406,2929927,1.00%,"2,001","27,000","1,534","17,035",
1980,64,27,Montana,0.671,0.656,65.10%,"371,976","363,952",554636,559165,0.70%,739,0,0,739,
1980,35,28,Nebraska,0.584,0.575,56.70%,"651,281","640,854",1115142,1129653,0.80%,"1,446","7,980",292,"5,728",
1980,65,29,Nevada,0.519,0.433,41.10%,"297,318","247,885",573118,602463,4.00%,"1,839","4,989","1,052","5,386",
1980,4,30,New Hampshire,0.609,0.581,57.20%,"402,415","383,990",660560,671558,1.60%,326,0,0,326,
1980,12,31,New Jersey,0.585,0.581,54.90%,"2,999,879","2,975,684",5123773,5420255,4.90%,"5,884","29,239","8,911","29,415",
1980,66,32,New Mexico,0.532,0.523,50.90%,"464,848","456,971",873515,897946,2.30%,"1,279","2,794",884,"3,560",
1980,13,33,New York,0.53,0.517,48.00%,"6,359,218","6,201,959",12006100,12932357,6.80%,"21,815",0,"19,652","41,467",
1980,36,35,North Dakota,0.68,0.652,64.80%,"314,525","301,545",462223,465447,0.60%,253,0,0,253,
1980,24,36,Ohio,0.573,0.561,55.40%,"4,378,937","4,283,603",7637813,7732705,1.10%,"13,489",0,0,"13,489",
1980,53,37,Oklahoma,0.542,0.532,52.20%,"1,172,303","1,149,708",2162051,2201257,1.10%,"4,796","14,360","2,232","14,208",
1980,72,38,Oregon,0.643,0.628,61.40%,"1,209,691","1,181,516",1880863,1925651,2.20%,"3,177",0,0,"3,177",
1980,5,40,Rhode Island,0.627,0.616,58.60%,"423,349","416,072",675067,709692,4.30%,813,"5,501",257,"3,821",
1980,48,41,South Carolina,0.424,0.411,40.40%,"922,397","894,071",2176721,2212354,0.60%,"7,862","20,589","3,124","21,281",
1980,67,45,Utah,0.666,0.66,64.60%,"609,691","604,222",915484,934767,2.10%,0,0,0,0,
1980,6,46,Vermont,0.593,0.587,57.80%,"215,500","213,299",363143,369147,1.60%,0,0,0,0,
1980,73,48,Washington,0.606,0.596,57.40%,"1,772,904","1,742,394",2923670,3037193,2.90%,"4,399","12,527","14,669","25,332",
1980,56,49,West Virginia,0.535,0.532,52.80%,"742,150","737,715",1387231,1396595,0.50%,"1,257","2,650",475,"3,057",
1980,68,51,Wyoming,0.554,0.541,53.40%,"181,004","176,713",326644,330784,0.90%,534,940,154,"1,158",
